{"id": "DublinDigitalRadio_just-a-blip-056-ddr-19_0928", "title": "Just A Blip 056 - DDR - 28th September 2019", "formats": [{"format_id": "hls-65", "url": "https://audio7.mixcloud.com/secure/hls/0/8/1/f/2d84-9d1c-4058-a1af-4c2d276ba00a.m4a/streamindex-a1.m3u8", "manifest_url": "https://audio7.mixcloud.com/secure/hls/0/8/1/f/2d84-9d1c-4058-a1af-4c2d276ba00a.m4a/index.m3u8", "tbr": 65.672, "ext": "mp4", "fps": null, "protocol": "m3u8_native", "preference": null, "vcodec": "none", "acodec": "mp4a.40.2", "format": "hls-65 - audio only", "http_headers": {"User-Agent": "Mozilla/5.0 (Windows NT 10.0; Win64; x64) AppleWebKit/537.36 (KHTML, like Gecko) Chrome/69.0.3497.35 Safari/537.36", "Accept-Charset": "ISO-8859-1,utf-8;q=0.7,*;q=0.7", "Accept": "text/html,application/xhtml+xml,application/xml;q=0.9,*/*;q=0.8", "Accept-Encoding": "gzip, deflate", "Accept-Language": "en-us,en;q=0.5", "Cookie": "__cfduid=d3a24a9e5581632c46883b15b9dc2698e1619312504; csrftoken=rVGgZOT0MzK5Mvce7Zie36A4VwmhOgYjrWNdBUBqyX3Xx6tz1x4ECotkqWwkJU9Z; c=ggqb986bjc7mdsng2lbrl0tmfhc80442; mx_t=e382b69f-e928-460c-a654-ce56933d9822"}}, {"format_id": "dash-a1-x3", "manifest_url": "https://audio7.mixcloud.com/secure/dash2/0/8/1/f/2d84-9d1c-4058-a1af-4c2d276ba00a.m4a/manifest.mpd", "ext": "m4a", "width": null, "height": null, "tbr": 65.672, "asr": 22050, "fps": null, "language": null, "format_note": "DASH audio", "filesize": null, "container": "m4a_dash", "vcodec": "none", "acodec": "mp4a.40.2", "url": "https://audio7.mixcloud.com/secure/dash2/0/8/1/f/2d84-9d1c-4058-a1af-4c2d276ba00a.m4a/manifest.mpd", "fragment_base_url": "https://audio7.mixcloud.com/secure/dash2/0/8/1/f/2d84-9d1c-4058-a1af-4c2d276ba00a.m4a/", "fragments": [{"url": "https://audio7.mixcloud.com/secure/dash2/0/8/1/f/2d84-9d1c-4058-a1af-4c2d276ba00a.m4a/init-a1-x3.mp4"}, {"url": "https://audio7.mixcloud.com/secure/dash2/0/8/1/f/2d84-9d1c-4058-a1af-4c2d276ba00a.m4a/fragment-1-a1-x3.m4s", "duration": 10.0}, {"url": "https://audio7.mixcloud.com/secure/dash2/0/8/1/f/2d84-9d1c-4058-a1af-4c2d276ba00a.m4a/fragment-2-a1-x3.m4s", "duration": 10.0}, {"url": "https://audio7.mixcloud.com/secure/dash2/0/8/1/f/2d84-9d1c-4058-a1af-4c2d276ba00a.m4a/fragment-3-a1-x3.m4s", "duration": 10.0}, {"url": "https://audio7.mixcloud.com/secure/dash2/0/8/1/f/2d84-9d1c-4058-a1af-4c2d276ba00a.m4a/fragment-4-a1-x3.m4s", "duration": 10.0}, {"url": "https://audio7.mixcloud.com/secure/dash2/0/8/1/f/2d84-9d1c-4058-a1af-4c2d276ba00a.m4a/fragment-5-a1-x3.m4s", "duration": 10.0}, {"url": "https://audio7.mixcloud.com/secure/dash2/0/8/1/f/2d84-9d1c-4058-a1af-4c2d276ba00a.m4a/fragment-6-a1-x3.m4s", "duration": 10.0}, {"url": "https://audio7.mixcloud.com/secure/dash2/0/8/1/f/2d84-9d1c-4058-a1af-4c2d276ba00a.m4a/fragment-7-a1-x3.m4s", "duration": 10.0}, {"url": "https://audio7.mixcloud.com/secure/dash2/0/8/1/f/2d84-9d1c-4058-a1af-4c2d276ba00a.m4a/fragment-8-a1-x3.m4s", "duration": 10.0}, {"url": "https://audio7.mixcloud.com/secure/dash2/0/8/1/f/2d84-9d1c-4058-a1af-4c2d276ba00a.m4a/fragment-9-a1-x3.m4s", "duration": 10.0}, {"url": "https://audio7.mixcloud.com/secure/dash2/0/8/1/f/2d84-9d1c-4058-a1af-4c2d276ba00a.m4a/fragment-10-a1-x3.m4s", "duration": 10.0}, {"url": "https://audio7.mixcloud.com/secure/dash2/0/8/1/f/2d84-9d1c-4058-a1af-4c2d276ba00a.m4a/fragment-11-a1-x3.m4s", "duration": 10.0}, {"url": "https://audio7.mixcloud.com/secure/dash2/0/8/1/f/2d84-9d1c-4058-a1af-4c2d276ba00a.m4a/fragment-12-a1-x3.m4s", "duration": 10.0}, {"url": "https://audio7.mixcloud.com/secure/dash2/0/8/1/f/2d84-9d1c-4058-a1af-4c2d276ba00a.m4a/fragment-13-a1-x3.m4s", "duration": 10.0}, {"url": "https://audio7.mixcloud.com/secure/dash2/0/8/1/f/2d84-9d1c-4058-a1af-4c2d276ba00a.m4a/fragment-14-a1-x3.m4s", "duration": 10.0}, {"url": "https://audio7.mixcloud.com/secure/dash2/0/8/1/f/2d84-9d1c-4058-a1af-4c2d276ba00a.m4a/fragment-15-a1-x3.m4s", "duration": 10.0}, {"url": "https://audio7.mixcloud.com/secure/dash2/0/8/1/f/2d84-9d1c-4058-a1af-4c2d276ba00a.m4a/fragment-16-a1-x3.m4s", "duration": 10.0}, {"url": "https://audio7.mixcloud.com/secure/dash2/0/8/1/f/2d84-9d1c-4058-a1af-4c2d276ba00a.m4a/fragment-17-a1-x3.m4s", "duration": 10.0}, {"url": "https://audio7.mixcloud.com/secure/dash2/0/8/1/f/2d84-9d1c-4058-a1af-4c2d276ba00a.m4a/fragment-18-a1-x3.m4s", "duration": 10.0}, {"url": "https://audio7.mixcloud.com/secure/dash2/0/8/1/f/2d84-9d1c-4058-a1af-4c2d276ba00a.m4a/fragment-19-a1-x3.m4s", "duration": 10.0}, {"url": "https://audio7.mixcloud.com/secure/dash2/0/8/1/f/2d84-9d1c-4058-a1af-4c2d276ba00a.m4a/fragment-20-a1-x3.m4s", "duration": 10.0}, {"url": "https://audio7.mixcloud.com/secure/dash2/0/8/1/f/2d84-9d1c-4058-a1af-4c2d276ba00a.m4a/fragment-21-a1-x3.m4s", "duration": 10.0}, {"url": "https://audio7.mixcloud.com/secure/dash2/0/8/1/f/2d84-9d1c-4058-a1af-4c2d276ba00a.m4a/fragment-22-a1-x3.m4s", "duration": 10.0}, {"url": "https://audio7.mixcloud.com/secure/dash2/0/8/1/f/2d84-9d1c-4058-a1af-4c2d276ba00a.m4a/fragment-23-a1-x3.m4s", "duration": 10.0}, {"url": "https://audio7.mixcloud.com/secure/dash2/0/8/1/f/2d84-9d1c-4058-a1af-4c2d276ba00a.m4a/fragment-24-a1-x3.m4s", "duration": 10.0}, {"url": "https://audio7.mixcloud.com/secure/dash2/0/8/1/f/2d84-9d1c-4058-a1af-4c2d276ba00a.m4a/fragment-25-a1-x3.m4s", "duration": 10.0}, {"url": "https://audio7.mixcloud.com/secure/dash2/0/8/1/f/2d84-9d1c-4058-a1af-4c2d276ba00a.m4a/fragment-26-a1-x3.m4s", "duration": 10.0}, {"url": "https://audio7.mixcloud.com/secure/dash2/0/8/1/f/2d84-9d1c-4058-a1af-4c2d276ba00a.m4a/fragment-27-a1-x3.m4s", "duration": 10.0}, {"url": "https://audio7.mixcloud.com/secure/dash2/0/8/1/f/2d84-9d1c-4058-a1af-4c2d276ba00a.m4a/fragment-28-a1-x3.m4s", "duration": 10.0}, {"url": "https://audio7.mixcloud.com/secure/dash2/0/8/1/f/2d84-9d1c-4058-a1af-4c2d276ba00a.m4a/fragment-29-a1-x3.m4s", "duration": 10.0}, {"url": "https://audio7.mixcloud.com/secure/dash2/0/8/1/f/2d84-9d1c-4058-a1af-4c2d276ba00a.m4a/fragment-30-a1-x3.m4s", "duration": 10.0}, {"url": "https://audio7.mixcloud.com/secure/dash2/0/8/1/f/2d84-9d1c-4058-a1af-4c2d276ba00a.m4a/fragment-31-a1-x3.m4s", "duration": 10.0}, {"url": "https://audio7.mixcloud.com/secure/dash2/0/8/1/f/2d84-9d1c-4058-a1af-4c2d276ba00a.m4a/fragment-32-a1-x3.m4s", "duration": 10.0}, {"url": "https://audio7.mixcloud.com/secure/dash2/0/8/1/f/2d84-9d1c-4058-a1af-4c2d276ba00a.m4a/fragment-33-a1-x3.m4s", "duration": 10.0}, {"url": "https://audio7.mixcloud.com/secure/dash2/0/8/1/f/2d84-9d1c-4058-a1af-4c2d276ba00a.m4a/fragment-34-a1-x3.m4s", "duration": 10.0}, {"url": "https://audio7.mixcloud.com/secure/dash2/0/8/1/f/2d84-9d1c-4058-a1af-4c2d276ba00a.m4a/fragment-35-a1-x3.m4s", "duration": 10.0}, {"url": "https://audio7.mixcloud.com/secure/dash2/0/8/1/f/2d84-9d1c-4058-a1af-4c2d276ba00a.m4a/fragment-36-a1-x3.m4s", "duration": 10.0}, {"url": "https://audio7.mixcloud.com/secure/dash2/0/8/1/f/2d84-9d1c-4058-a1af-4c2d276ba00a.m4a/fragment-37-a1-x3.m4s", "duration": 10.0}, {"url": "https://audio7.mixcloud.com/secure/dash2/0/8/1/f/2d84-9d1c-4058-a1af-4c2d276ba00a.m4a/fragment-38-a1-x3.m4s", "duration": 10.0}, {"url": "https://audio7.mixcloud.com/secure/dash2/0/8/1/f/2d84-9d1c-4058-a1af-4c2d276ba00a.m4a/fragment-39-a1-x3.m4s", "duration": 10.0}, {"url": "https://audio7.mixcloud.com/secure/dash2/0/8/1/f/2d84-9d1c-4058-a1af-4c2d276ba00a.m4a/fragment-40-a1-x3.m4s", "duration": 10.0}, {"url": "https://audio7.mixcloud.com/secure/dash2/0/8/1/f/2d84-9d1c-4058-a1af-4c2d276ba00a.m4a/fragment-41-a1-x3.m4s", "duration": 10.0}, {"url": "https://audio7.mixcloud.com/secure/dash2/0/8/1/f/2d84-9d1c-4058-a1af-4c2d276ba00a.m4a/fragment-42-a1-x3.m4s", "duration": 10.0}, {"url": "https://audio7.mixcloud.com/secure/dash2/0/8/1/f/2d84-9d1c-4058-a1af-4c2d276ba00a.m4a/fragment-43-a1-x3.m4s", "duration": 10.0}, {"url": "https://audio7.mixcloud.com/secure/dash2/0/8/1/f/2d84-9d1c-4058-a1af-4c2d276ba00a.m4a/fragment-44-a1-x3.m4s", "duration": 10.0}, {"url": "https://audio7.mixcloud.com/secure/dash2/0/8/1/f/2d84-9d1c-4058-a1af-4c2d276ba00a.m4a/fragment-45-a1-x3.m4s", "duration": 10.0}, {"url": "https://audio7.mixcloud.com/secure/dash2/0/8/1/f/2d84-9d1c-4058-a1af-4c2d276ba00a.m4a/fragment-46-a1-x3.m4s", "duration": 10.0}, {"url": "https://audio7.mixcloud.com/secure/dash2/0/8/1/f/2d84-9d1c-4058-a1af-4c2d276ba00a.m4a/fragment-47-a1-x3.m4s", "duration": 10.0}, {"url": "https://audio7.mixcloud.com/secure/dash2/0/8/1/f/2d84-9d1c-4058-a1af-4c2d276ba00a.m4a/fragment-48-a1-x3.m4s", "duration": 10.0}, {"url": "https://audio7.mixcloud.com/secure/dash2/0/8/1/f/2d84-9d1c-4058-a1af-4c2d276ba00a.m4a/fragment-49-a1-x3.m4s", "duration": 10.0}, {"url": "https://audio7.mixcloud.com/secure/dash2/0/8/1/f/2d84-9d1c-4058-a1af-4c2d276ba00a.m4a/fragment-50-a1-x3.m4s", "duration": 10.0}, {"url": "https://audio7.mixcloud.com/secure/dash2/0/8/1/f/2d84-9d1c-4058-a1af-4c2d276ba00a.m4a/fragment-51-a1-x3.m4s", "duration": 10.0}, {"url": "https://audio7.mixcloud.com/secure/dash2/0/8/1/f/2d84-9d1c-4058-a1af-4c2d276ba00a.m4a/fragment-52-a1-x3.m4s", "duration": 10.0}, {"url": "https://audio7.mixcloud.com/secure/dash2/0/8/1/f/2d84-9d1c-4058-a1af-4c2d276ba00a.m4a/fragment-53-a1-x3.m4s", "duration": 10.0}, {"url": "https://audio7.mixcloud.com/secure/dash2/0/8/1/f/2d84-9d1c-4058-a1af-4c2d276ba00a.m4a/fragment-54-a1-x3.m4s", "duration": 10.0}, {"url": "https://audio7.mixcloud.com/secure/dash2/0/8/1/f/2d84-9d1c-4058-a1af-4c2d276ba00a.m4a/fragment-55-a1-x3.m4s", "duration": 10.0}, {"url": "https://audio7.mixcloud.com/secure/dash2/0/8/1/f/2d84-9d1c-4058-a1af-4c2d276ba00a.m4a/fragment-56-a1-x3.m4s", "duration": 10.0}, {"url": "https://audio7.mixcloud.com/secure/dash2/0/8/1/f/2d84-9d1c-4058-a1af-4c2d276ba00a.m4a/fragment-57-a1-x3.m4s", "duration": 10.0}, {"url": "https://audio7.mixcloud.com/secure/dash2/0/8/1/f/2d84-9d1c-4058-a1af-4c2d276ba00a.m4a/fragment-58-a1-x3.m4s", "duration": 10.0}, {"url": "https://audio7.mixcloud.com/secure/dash2/0/8/1/f/2d84-9d1c-4058-a1af-4c2d276ba00a.m4a/fragment-59-a1-x3.m4s", "duration": 10.0}, {"url": "https://audio7.mixcloud.com/secure/dash2/0/8/1/f/2d84-9d1c-4058-a1af-4c2d276ba00a.m4a/fragment-60-a1-x3.m4s", "duration": 10.0}, {"url": "https://audio7.mixcloud.com/secure/dash2/0/8/1/f/2d84-9d1c-4058-a1af-4c2d276ba00a.m4a/fragment-61-a1-x3.m4s", "duration": 10.0}, {"url": "https://audio7.mixcloud.com/secure/dash2/0/8/1/f/2d84-9d1c-4058-a1af-4c2d276ba00a.m4a/fragment-62-a1-x3.m4s", "duration": 10.0}, {"url": "https://audio7.mixcloud.com/secure/dash2/0/8/1/f/2d84-9d1c-4058-a1af-4c2d276ba00a.m4a/fragment-63-a1-x3.m4s", "duration": 10.0}, {"url": "https://audio7.mixcloud.com/secure/dash2/0/8/1/f/2d84-9d1c-4058-a1af-4c2d276ba00a.m4a/fragment-64-a1-x3.m4s", "duration": 10.0}, {"url": "https://audio7.mixcloud.com/secure/dash2/0/8/1/f/2d84-9d1c-4058-a1af-4c2d276ba00a.m4a/fragment-65-a1-x3.m4s", "duration": 10.0}, {"url": "https://audio7.mixcloud.com/secure/dash2/0/8/1/f/2d84-9d1c-4058-a1af-4c2d276ba00a.m4a/fragment-66-a1-x3.m4s", "duration": 10.0}, {"url": "https://audio7.mixcloud.com/secure/dash2/0/8/1/f/2d84-9d1c-4058-a1af-4c2d276ba00a.m4a/fragment-67-a1-x3.m4s", "duration": 10.0}, {"url": "https://audio7.mixcloud.com/secure/dash2/0/8/1/f/2d84-9d1c-4058-a1af-4c2d276ba00a.m4a/fragment-68-a1-x3.m4s", "duration": 10.0}, {"url": "https://audio7.mixcloud.com/secure/dash2/0/8/1/f/2d84-9d1c-4058-a1af-4c2d276ba00a.m4a/fragment-69-a1-x3.m4s", "duration": 10.0}, {"url": "https://audio7.mixcloud.com/secure/dash2/0/8/1/f/2d84-9d1c-4058-a1af-4c2d276ba00a.m4a/fragment-70-a1-x3.m4s", "duration": 10.0}, {"url": "https://audio7.mixcloud.com/secure/dash2/0/8/1/f/2d84-9d1c-4058-a1af-4c2d276ba00a.m4a/fragment-71-a1-x3.m4s", "duration": 10.0}, {"url": "https://audio7.mixcloud.com/secure/dash2/0/8/1/f/2d84-9d1c-4058-a1af-4c2d276ba00a.m4a/fragment-72-a1-x3.m4s", "duration": 10.0}, {"url": "https://audio7.mixcloud.com/secure/dash2/0/8/1/f/2d84-9d1c-4058-a1af-4c2d276ba00a.m4a/fragment-73-a1-x3.m4s", "duration": 10.0}, {"url": "https://audio7.mixcloud.com/secure/dash2/0/8/1/f/2d84-9d1c-4058-a1af-4c2d276ba00a.m4a/fragment-74-a1-x3.m4s", "duration": 10.0}, {"url": "https://audio7.mixcloud.com/secure/dash2/0/8/1/f/2d84-9d1c-4058-a1af-4c2d276ba00a.m4a/fragment-75-a1-x3.m4s", "duration": 10.0}, {"url": "https://audio7.mixcloud.com/secure/dash2/0/8/1/f/2d84-9d1c-4058-a1af-4c2d276ba00a.m4a/fragment-76-a1-x3.m4s", "duration": 10.0}, {"url": "https://audio7.mixcloud.com/secure/dash2/0/8/1/f/2d84-9d1c-4058-a1af-4c2d276ba00a.m4a/fragment-77-a1-x3.m4s", "duration": 10.0}, {"url": "https://audio7.mixcloud.com/secure/dash2/0/8/1/f/2d84-9d1c-4058-a1af-4c2d276ba00a.m4a/fragment-78-a1-x3.m4s", "duration": 10.0}, {"url": "https://audio7.mixcloud.com/secure/dash2/0/8/1/f/2d84-9d1c-4058-a1af-4c2d276ba00a.m4a/fragment-79-a1-x3.m4s", "duration": 10.0}, {"url": "https://audio7.mixcloud.com/secure/dash2/0/8/1/f/2d84-9d1c-4058-a1af-4c2d276ba00a.m4a/fragment-80-a1-x3.m4s", "duration": 10.0}, {"url": "https://audio7.mixcloud.com/secure/dash2/0/8/1/f/2d84-9d1c-4058-a1af-4c2d276ba00a.m4a/fragment-81-a1-x3.m4s", "duration": 10.0}, {"url": "https://audio7.mixcloud.com/secure/dash2/0/8/1/f/2d84-9d1c-4058-a1af-4c2d276ba00a.m4a/fragment-82-a1-x3.m4s", "duration": 10.0}, {"url": "https://audio7.mixcloud.com/secure/dash2/0/8/1/f/2d84-9d1c-4058-a1af-4c2d276ba00a.m4a/fragment-83-a1-x3.m4s", "duration": 10.0}, {"url": "https://audio7.mixcloud.com/secure/dash2/0/8/1/f/2d84-9d1c-4058-a1af-4c2d276ba00a.m4a/fragment-84-a1-x3.m4s", "duration": 10.0}, {"url": "https://audio7.mixcloud.com/secure/dash2/0/8/1/f/2d84-9d1c-4058-a1af-4c2d276ba00a.m4a/fragment-85-a1-x3.m4s", "duration": 10.0}, {"url": "https://audio7.mixcloud.com/secure/dash2/0/8/1/f/2d84-9d1c-4058-a1af-4c2d276ba00a.m4a/fragment-86-a1-x3.m4s", "duration": 10.0}, {"url": "https://audio7.mixcloud.com/secure/dash2/0/8/1/f/2d84-9d1c-4058-a1af-4c2d276ba00a.m4a/fragment-87-a1-x3.m4s", "duration": 10.0}, {"url": "https://audio7.mixcloud.com/secure/dash2/0/8/1/f/2d84-9d1c-4058-a1af-4c2d276ba00a.m4a/fragment-88-a1-x3.m4s", "duration": 10.0}, {"url": "https://audio7.mixcloud.com/secure/dash2/0/8/1/f/2d84-9d1c-4058-a1af-4c2d276ba00a.m4a/fragment-89-a1-x3.m4s", "duration": 10.0}, {"url": "https://audio7.mixcloud.com/secure/dash2/0/8/1/f/2d84-9d1c-4058-a1af-4c2d276ba00a.m4a/fragment-90-a1-x3.m4s", "duration": 10.0}, {"url": "https://audio7.mixcloud.com/secure/dash2/0/8/1/f/2d84-9d1c-4058-a1af-4c2d276ba00a.m4a/fragment-91-a1-x3.m4s", "duration": 10.0}, {"url": "https://audio7.mixcloud.com/secure/dash2/0/8/1/f/2d84-9d1c-4058-a1af-4c2d276ba00a.m4a/fragment-92-a1-x3.m4s", "duration": 10.0}, {"url": "https://audio7.mixcloud.com/secure/dash2/0/8/1/f/2d84-9d1c-4058-a1af-4c2d276ba00a.m4a/fragment-93-a1-x3.m4s", "duration": 10.0}, {"url": "https://audio7.mixcloud.com/secure/dash2/0/8/1/f/2d84-9d1c-4058-a1af-4c2d276ba00a.m4a/fragment-94-a1-x3.m4s", "duration": 10.0}, {"url": "https://audio7.mixcloud.com/secure/dash2/0/8/1/f/2d84-9d1c-4058-a1af-4c2d276ba00a.m4a/fragment-95-a1-x3.m4s", "duration": 10.0}, {"url": "https://audio7.mixcloud.com/secure/dash2/0/8/1/f/2d84-9d1c-4058-a1af-4c2d276ba00a.m4a/fragment-96-a1-x3.m4s", "duration": 10.0}, {"url": "https://audio7.mixcloud.com/secure/dash2/0/8/1/f/2d84-9d1c-4058-a1af-4c2d276ba00a.m4a/fragment-97-a1-x3.m4s", "duration": 10.0}, {"url": "https://audio7.mixcloud.com/secure/dash2/0/8/1/f/2d84-9d1c-4058-a1af-4c2d276ba00a.m4a/fragment-98-a1-x3.m4s", "duration": 10.0}, {"url": "https://audio7.mixcloud.com/secure/dash2/0/8/1/f/2d84-9d1c-4058-a1af-4c2d276ba00a.m4a/fragment-99-a1-x3.m4s", "duration": 10.0}, {"url": "https://audio7.mixcloud.com/secure/dash2/0/8/1/f/2d84-9d1c-4058-a1af-4c2d276ba00a.m4a/fragment-100-a1-x3.m4s", "duration": 10.0}, {"url": "https://audio7.mixcloud.com/secure/dash2/0/8/1/f/2d84-9d1c-4058-a1af-4c2d276ba00a.m4a/fragment-101-a1-x3.m4s", "duration": 10.0}, {"url": "https://audio7.mixcloud.com/secure/dash2/0/8/1/f/2d84-9d1c-4058-a1af-4c2d276ba00a.m4a/fragment-102-a1-x3.m4s", "duration": 10.0}, {"url": "https://audio7.mixcloud.com/secure/dash2/0/8/1/f/2d84-9d1c-4058-a1af-4c2d276ba00a.m4a/fragment-103-a1-x3.m4s", "duration": 10.0}, {"url": "https://audio7.mixcloud.com/secure/dash2/0/8/1/f/2d84-9d1c-4058-a1af-4c2d276ba00a.m4a/fragment-104-a1-x3.m4s", "duration": 10.0}, {"url": "https://audio7.mixcloud.com/secure/dash2/0/8/1/f/2d84-9d1c-4058-a1af-4c2d276ba00a.m4a/fragment-105-a1-x3.m4s", "duration": 10.0}, {"url": "https://audio7.mixcloud.com/secure/dash2/0/8/1/f/2d84-9d1c-4058-a1af-4c2d276ba00a.m4a/fragment-106-a1-x3.m4s", "duration": 10.0}, {"url": "https://audio7.mixcloud.com/secure/dash2/0/8/1/f/2d84-9d1c-4058-a1af-4c2d276ba00a.m4a/fragment-107-a1-x3.m4s", "duration": 10.0}, {"url": "https://audio7.mixcloud.com/secure/dash2/0/8/1/f/2d84-9d1c-4058-a1af-4c2d276ba00a.m4a/fragment-108-a1-x3.m4s", "duration": 10.0}, {"url": "https://audio7.mixcloud.com/secure/dash2/0/8/1/f/2d84-9d1c-4058-a1af-4c2d276ba00a.m4a/fragment-109-a1-x3.m4s", "duration": 10.0}, {"url": "https://audio7.mixcloud.com/secure/dash2/0/8/1/f/2d84-9d1c-4058-a1af-4c2d276ba00a.m4a/fragment-110-a1-x3.m4s", "duration": 10.0}, {"url": "https://audio7.mixcloud.com/secure/dash2/0/8/1/f/2d84-9d1c-4058-a1af-4c2d276ba00a.m4a/fragment-111-a1-x3.m4s", "duration": 10.0}, {"url": "https://audio7.mixcloud.com/secure/dash2/0/8/1/f/2d84-9d1c-4058-a1af-4c2d276ba00a.m4a/fragment-112-a1-x3.m4s", "duration": 10.0}, {"url": "https://audio7.mixcloud.com/secure/dash2/0/8/1/f/2d84-9d1c-4058-a1af-4c2d276ba00a.m4a/fragment-113-a1-x3.m4s", "duration": 10.0}, {"url": "https://audio7.mixcloud.com/secure/dash2/0/8/1/f/2d84-9d1c-4058-a1af-4c2d276ba00a.m4a/fragment-114-a1-x3.m4s", "duration": 10.0}, {"url": "https://audio7.mixcloud.com/secure/dash2/0/8/1/f/2d84-9d1c-4058-a1af-4c2d276ba00a.m4a/fragment-115-a1-x3.m4s", "duration": 10.0}, {"url": "https://audio7.mixcloud.com/secure/dash2/0/8/1/f/2d84-9d1c-4058-a1af-4c2d276ba00a.m4a/fragment-116-a1-x3.m4s", "duration": 10.0}, {"url": "https://audio7.mixcloud.com/secure/dash2/0/8/1/f/2d84-9d1c-4058-a1af-4c2d276ba00a.m4a/fragment-117-a1-x3.m4s", "duration": 10.0}, {"url": "https://audio7.mixcloud.com/secure/dash2/0/8/1/f/2d84-9d1c-4058-a1af-4c2d276ba00a.m4a/fragment-118-a1-x3.m4s", "duration": 10.0}, {"url": "https://audio7.mixcloud.com/secure/dash2/0/8/1/f/2d84-9d1c-4058-a1af-4c2d276ba00a.m4a/fragment-119-a1-x3.m4s", "duration": 10.0}, {"url": "https://audio7.mixcloud.com/secure/dash2/0/8/1/f/2d84-9d1c-4058-a1af-4c2d276ba00a.m4a/fragment-120-a1-x3.m4s", "duration": 10.0}, {"url": "https://audio7.mixcloud.com/secure/dash2/0/8/1/f/2d84-9d1c-4058-a1af-4c2d276ba00a.m4a/fragment-121-a1-x3.m4s", "duration": 10.0}, {"url": "https://audio7.mixcloud.com/secure/dash2/0/8/1/f/2d84-9d1c-4058-a1af-4c2d276ba00a.m4a/fragment-122-a1-x3.m4s", "duration": 10.0}, {"url": "https://audio7.mixcloud.com/secure/dash2/0/8/1/f/2d84-9d1c-4058-a1af-4c2d276ba00a.m4a/fragment-123-a1-x3.m4s", "duration": 10.0}, {"url": "https://audio7.mixcloud.com/secure/dash2/0/8/1/f/2d84-9d1c-4058-a1af-4c2d276ba00a.m4a/fragment-124-a1-x3.m4s", "duration": 10.0}, {"url": "https://audio7.mixcloud.com/secure/dash2/0/8/1/f/2d84-9d1c-4058-a1af-4c2d276ba00a.m4a/fragment-125-a1-x3.m4s", "duration": 10.0}, {"url": "https://audio7.mixcloud.com/secure/dash2/0/8/1/f/2d84-9d1c-4058-a1af-4c2d276ba00a.m4a/fragment-126-a1-x3.m4s", "duration": 10.0}, {"url": "https://audio7.mixcloud.com/secure/dash2/0/8/1/f/2d84-9d1c-4058-a1af-4c2d276ba00a.m4a/fragment-127-a1-x3.m4s", "duration": 10.0}, {"url": "https://audio7.mixcloud.com/secure/dash2/0/8/1/f/2d84-9d1c-4058-a1af-4c2d276ba00a.m4a/fragment-128-a1-x3.m4s", "duration": 10.0}, {"url": "https://audio7.mixcloud.com/secure/dash2/0/8/1/f/2d84-9d1c-4058-a1af-4c2d276ba00a.m4a/fragment-129-a1-x3.m4s", "duration": 10.0}, {"url": "https://audio7.mixcloud.com/secure/dash2/0/8/1/f/2d84-9d1c-4058-a1af-4c2d276ba00a.m4a/fragment-130-a1-x3.m4s", "duration": 10.0}, {"url": "https://audio7.mixcloud.com/secure/dash2/0/8/1/f/2d84-9d1c-4058-a1af-4c2d276ba00a.m4a/fragment-131-a1-x3.m4s", "duration": 10.0}, {"url": "https://audio7.mixcloud.com/secure/dash2/0/8/1/f/2d84-9d1c-4058-a1af-4c2d276ba00a.m4a/fragment-132-a1-x3.m4s", "duration": 10.0}, {"url": "https://audio7.mixcloud.com/secure/dash2/0/8/1/f/2d84-9d1c-4058-a1af-4c2d276ba00a.m4a/fragment-133-a1-x3.m4s", "duration": 10.0}, {"url": "https://audio7.mixcloud.com/secure/dash2/0/8/1/f/2d84-9d1c-4058-a1af-4c2d276ba00a.m4a/fragment-134-a1-x3.m4s", "duration": 10.0}, {"url": "https://audio7.mixcloud.com/secure/dash2/0/8/1/f/2d84-9d1c-4058-a1af-4c2d276ba00a.m4a/fragment-135-a1-x3.m4s", "duration": 10.0}, {"url": "https://audio7.mixcloud.com/secure/dash2/0/8/1/f/2d84-9d1c-4058-a1af-4c2d276ba00a.m4a/fragment-136-a1-x3.m4s", "duration": 10.0}, {"url": "https://audio7.mixcloud.com/secure/dash2/0/8/1/f/2d84-9d1c-4058-a1af-4c2d276ba00a.m4a/fragment-137-a1-x3.m4s", "duration": 10.0}, {"url": "https://audio7.mixcloud.com/secure/dash2/0/8/1/f/2d84-9d1c-4058-a1af-4c2d276ba00a.m4a/fragment-138-a1-x3.m4s", "duration": 10.0}, {"url": "https://audio7.mixcloud.com/secure/dash2/0/8/1/f/2d84-9d1c-4058-a1af-4c2d276ba00a.m4a/fragment-139-a1-x3.m4s", "duration": 10.0}, {"url": "https://audio7.mixcloud.com/secure/dash2/0/8/1/f/2d84-9d1c-4058-a1af-4c2d276ba00a.m4a/fragment-140-a1-x3.m4s", "duration": 10.0}, {"url": "https://audio7.mixcloud.com/secure/dash2/0/8/1/f/2d84-9d1c-4058-a1af-4c2d276ba00a.m4a/fragment-141-a1-x3.m4s", "duration": 10.0}, {"url": "https://audio7.mixcloud.com/secure/dash2/0/8/1/f/2d84-9d1c-4058-a1af-4c2d276ba00a.m4a/fragment-142-a1-x3.m4s", "duration": 10.0}, {"url": "https://audio7.mixcloud.com/secure/dash2/0/8/1/f/2d84-9d1c-4058-a1af-4c2d276ba00a.m4a/fragment-143-a1-x3.m4s", "duration": 10.0}, {"url": "https://audio7.mixcloud.com/secure/dash2/0/8/1/f/2d84-9d1c-4058-a1af-4c2d276ba00a.m4a/fragment-144-a1-x3.m4s", "duration": 10.0}, {"url": "https://audio7.mixcloud.com/secure/dash2/0/8/1/f/2d84-9d1c-4058-a1af-4c2d276ba00a.m4a/fragment-145-a1-x3.m4s", "duration": 10.0}, {"url": "https://audio7.mixcloud.com/secure/dash2/0/8/1/f/2d84-9d1c-4058-a1af-4c2d276ba00a.m4a/fragment-146-a1-x3.m4s", "duration": 10.0}, {"url": "https://audio7.mixcloud.com/secure/dash2/0/8/1/f/2d84-9d1c-4058-a1af-4c2d276ba00a.m4a/fragment-147-a1-x3.m4s", "duration": 10.0}, {"url": "https://audio7.mixcloud.com/secure/dash2/0/8/1/f/2d84-9d1c-4058-a1af-4c2d276ba00a.m4a/fragment-148-a1-x3.m4s", "duration": 10.0}, {"url": "https://audio7.mixcloud.com/secure/dash2/0/8/1/f/2d84-9d1c-4058-a1af-4c2d276ba00a.m4a/fragment-149-a1-x3.m4s", "duration": 10.0}, {"url": "https://audio7.mixcloud.com/secure/dash2/0/8/1/f/2d84-9d1c-4058-a1af-4c2d276ba00a.m4a/fragment-150-a1-x3.m4s", "duration": 10.0}, {"url": "https://audio7.mixcloud.com/secure/dash2/0/8/1/f/2d84-9d1c-4058-a1af-4c2d276ba00a.m4a/fragment-151-a1-x3.m4s", "duration": 10.0}, {"url": "https://audio7.mixcloud.com/secure/dash2/0/8/1/f/2d84-9d1c-4058-a1af-4c2d276ba00a.m4a/fragment-152-a1-x3.m4s", "duration": 10.0}, {"url": "https://audio7.mixcloud.com/secure/dash2/0/8/1/f/2d84-9d1c-4058-a1af-4c2d276ba00a.m4a/fragment-153-a1-x3.m4s", "duration": 10.0}, {"url": "https://audio7.mixcloud.com/secure/dash2/0/8/1/f/2d84-9d1c-4058-a1af-4c2d276ba00a.m4a/fragment-154-a1-x3.m4s", "duration": 10.0}, {"url": "https://audio7.mixcloud.com/secure/dash2/0/8/1/f/2d84-9d1c-4058-a1af-4c2d276ba00a.m4a/fragment-155-a1-x3.m4s", "duration": 10.0}, {"url": "https://audio7.mixcloud.com/secure/dash2/0/8/1/f/2d84-9d1c-4058-a1af-4c2d276ba00a.m4a/fragment-156-a1-x3.m4s", "duration": 10.0}, {"url": "https://audio7.mixcloud.com/secure/dash2/0/8/1/f/2d84-9d1c-4058-a1af-4c2d276ba00a.m4a/fragment-157-a1-x3.m4s", "duration": 10.0}, {"url": "https://audio7.mixcloud.com/secure/dash2/0/8/1/f/2d84-9d1c-4058-a1af-4c2d276ba00a.m4a/fragment-158-a1-x3.m4s", "duration": 10.0}, {"url": "https://audio7.mixcloud.com/secure/dash2/0/8/1/f/2d84-9d1c-4058-a1af-4c2d276ba00a.m4a/fragment-159-a1-x3.m4s", "duration": 10.0}, {"url": "https://audio7.mixcloud.com/secure/dash2/0/8/1/f/2d84-9d1c-4058-a1af-4c2d276ba00a.m4a/fragment-160-a1-x3.m4s", "duration": 10.0}, {"url": "https://audio7.mixcloud.com/secure/dash2/0/8/1/f/2d84-9d1c-4058-a1af-4c2d276ba00a.m4a/fragment-161-a1-x3.m4s", "duration": 10.0}, {"url": "https://audio7.mixcloud.com/secure/dash2/0/8/1/f/2d84-9d1c-4058-a1af-4c2d276ba00a.m4a/fragment-162-a1-x3.m4s", "duration": 10.0}, {"url": "https://audio7.mixcloud.com/secure/dash2/0/8/1/f/2d84-9d1c-4058-a1af-4c2d276ba00a.m4a/fragment-163-a1-x3.m4s", "duration": 10.0}, {"url": "https://audio7.mixcloud.com/secure/dash2/0/8/1/f/2d84-9d1c-4058-a1af-4c2d276ba00a.m4a/fragment-164-a1-x3.m4s", "duration": 10.0}, {"url": "https://audio7.mixcloud.com/secure/dash2/0/8/1/f/2d84-9d1c-4058-a1af-4c2d276ba00a.m4a/fragment-165-a1-x3.m4s", "duration": 10.0}, {"url": "https://audio7.mixcloud.com/secure/dash2/0/8/1/f/2d84-9d1c-4058-a1af-4c2d276ba00a.m4a/fragment-166-a1-x3.m4s", "duration": 10.0}, {"url": "https://audio7.mixcloud.com/secure/dash2/0/8/1/f/2d84-9d1c-4058-a1af-4c2d276ba00a.m4a/fragment-167-a1-x3.m4s", "duration": 10.0}, {"url": "https://audio7.mixcloud.com/secure/dash2/0/8/1/f/2d84-9d1c-4058-a1af-4c2d276ba00a.m4a/fragment-168-a1-x3.m4s", "duration": 10.0}, {"url": "https://audio7.mixcloud.com/secure/dash2/0/8/1/f/2d84-9d1c-4058-a1af-4c2d276ba00a.m4a/fragment-169-a1-x3.m4s", "duration": 10.0}, {"url": "https://audio7.mixcloud.com/secure/dash2/0/8/1/f/2d84-9d1c-4058-a1af-4c2d276ba00a.m4a/fragment-170-a1-x3.m4s", "duration": 10.0}, {"url": "https://audio7.mixcloud.com/secure/dash2/0/8/1/f/2d84-9d1c-4058-a1af-4c2d276ba00a.m4a/fragment-171-a1-x3.m4s", "duration": 10.0}, {"url": "https://audio7.mixcloud.com/secure/dash2/0/8/1/f/2d84-9d1c-4058-a1af-4c2d276ba00a.m4a/fragment-172-a1-x3.m4s", "duration": 10.0}, {"url": "https://audio7.mixcloud.com/secure/dash2/0/8/1/f/2d84-9d1c-4058-a1af-4c2d276ba00a.m4a/fragment-173-a1-x3.m4s", "duration": 10.0}, {"url": "https://audio7.mixcloud.com/secure/dash2/0/8/1/f/2d84-9d1c-4058-a1af-4c2d276ba00a.m4a/fragment-174-a1-x3.m4s", "duration": 10.0}, {"url": "https://audio7.mixcloud.com/secure/dash2/0/8/1/f/2d84-9d1c-4058-a1af-4c2d276ba00a.m4a/fragment-175-a1-x3.m4s", "duration": 10.0}, {"url": "https://audio7.mixcloud.com/secure/dash2/0/8/1/f/2d84-9d1c-4058-a1af-4c2d276ba00a.m4a/fragment-176-a1-x3.m4s", "duration": 10.0}, {"url": "https://audio7.mixcloud.com/secure/dash2/0/8/1/f/2d84-9d1c-4058-a1af-4c2d276ba00a.m4a/fragment-177-a1-x3.m4s", "duration": 10.0}, {"url": "https://audio7.mixcloud.com/secure/dash2/0/8/1/f/2d84-9d1c-4058-a1af-4c2d276ba00a.m4a/fragment-178-a1-x3.m4s", "duration": 10.0}, {"url": "https://audio7.mixcloud.com/secure/dash2/0/8/1/f/2d84-9d1c-4058-a1af-4c2d276ba00a.m4a/fragment-179-a1-x3.m4s", "duration": 10.0}, {"url": "https://audio7.mixcloud.com/secure/dash2/0/8/1/f/2d84-9d1c-4058-a1af-4c2d276ba00a.m4a/fragment-180-a1-x3.m4s", "duration": 10.0}, {"url": "https://audio7.mixcloud.com/secure/dash2/0/8/1/f/2d84-9d1c-4058-a1af-4c2d276ba00a.m4a/fragment-181-a1-x3.m4s", "duration": 10.0}, {"url": "https://audio7.mixcloud.com/secure/dash2/0/8/1/f/2d84-9d1c-4058-a1af-4c2d276ba00a.m4a/fragment-182-a1-x3.m4s", "duration": 10.0}, {"url": "https://audio7.mixcloud.com/secure/dash2/0/8/1/f/2d84-9d1c-4058-a1af-4c2d276ba00a.m4a/fragment-183-a1-x3.m4s", "duration": 10.0}, {"url": "https://audio7.mixcloud.com/secure/dash2/0/8/1/f/2d84-9d1c-4058-a1af-4c2d276ba00a.m4a/fragment-184-a1-x3.m4s", "duration": 10.0}, {"url": "https://audio7.mixcloud.com/secure/dash2/0/8/1/f/2d84-9d1c-4058-a1af-4c2d276ba00a.m4a/fragment-185-a1-x3.m4s", "duration": 10.0}, {"url": "https://audio7.mixcloud.com/secure/dash2/0/8/1/f/2d84-9d1c-4058-a1af-4c2d276ba00a.m4a/fragment-186-a1-x3.m4s", "duration": 10.0}, {"url": "https://audio7.mixcloud.com/secure/dash2/0/8/1/f/2d84-9d1c-4058-a1af-4c2d276ba00a.m4a/fragment-187-a1-x3.m4s", "duration": 10.0}, {"url": "https://audio7.mixcloud.com/secure/dash2/0/8/1/f/2d84-9d1c-4058-a1af-4c2d276ba00a.m4a/fragment-188-a1-x3.m4s", "duration": 10.0}, {"url": "https://audio7.mixcloud.com/secure/dash2/0/8/1/f/2d84-9d1c-4058-a1af-4c2d276ba00a.m4a/fragment-189-a1-x3.m4s", "duration": 10.0}, {"url": "https://audio7.mixcloud.com/secure/dash2/0/8/1/f/2d84-9d1c-4058-a1af-4c2d276ba00a.m4a/fragment-190-a1-x3.m4s", "duration": 10.0}, {"url": "https://audio7.mixcloud.com/secure/dash2/0/8/1/f/2d84-9d1c-4058-a1af-4c2d276ba00a.m4a/fragment-191-a1-x3.m4s", "duration": 10.0}, {"url": "https://audio7.mixcloud.com/secure/dash2/0/8/1/f/2d84-9d1c-4058-a1af-4c2d276ba00a.m4a/fragment-192-a1-x3.m4s", "duration": 10.0}, {"url": "https://audio7.mixcloud.com/secure/dash2/0/8/1/f/2d84-9d1c-4058-a1af-4c2d276ba00a.m4a/fragment-193-a1-x3.m4s", "duration": 10.0}, {"url": "https://audio7.mixcloud.com/secure/dash2/0/8/1/f/2d84-9d1c-4058-a1af-4c2d276ba00a.m4a/fragment-194-a1-x3.m4s", "duration": 10.0}, {"url": "https://audio7.mixcloud.com/secure/dash2/0/8/1/f/2d84-9d1c-4058-a1af-4c2d276ba00a.m4a/fragment-195-a1-x3.m4s", "duration": 10.0}, {"url": "https://audio7.mixcloud.com/secure/dash2/0/8/1/f/2d84-9d1c-4058-a1af-4c2d276ba00a.m4a/fragment-196-a1-x3.m4s", "duration": 10.0}, {"url": "https://audio7.mixcloud.com/secure/dash2/0/8/1/f/2d84-9d1c-4058-a1af-4c2d276ba00a.m4a/fragment-197-a1-x3.m4s", "duration": 10.0}, {"url": "https://audio7.mixcloud.com/secure/dash2/0/8/1/f/2d84-9d1c-4058-a1af-4c2d276ba00a.m4a/fragment-198-a1-x3.m4s", "duration": 10.0}, {"url": "https://audio7.mixcloud.com/secure/dash2/0/8/1/f/2d84-9d1c-4058-a1af-4c2d276ba00a.m4a/fragment-199-a1-x3.m4s", "duration": 10.0}, {"url": "https://audio7.mixcloud.com/secure/dash2/0/8/1/f/2d84-9d1c-4058-a1af-4c2d276ba00a.m4a/fragment-200-a1-x3.m4s", "duration": 10.0}, {"url": "https://audio7.mixcloud.com/secure/dash2/0/8/1/f/2d84-9d1c-4058-a1af-4c2d276ba00a.m4a/fragment-201-a1-x3.m4s", "duration": 10.0}, {"url": "https://audio7.mixcloud.com/secure/dash2/0/8/1/f/2d84-9d1c-4058-a1af-4c2d276ba00a.m4a/fragment-202-a1-x3.m4s", "duration": 10.0}, {"url": "https://audio7.mixcloud.com/secure/dash2/0/8/1/f/2d84-9d1c-4058-a1af-4c2d276ba00a.m4a/fragment-203-a1-x3.m4s", "duration": 10.0}, {"url": "https://audio7.mixcloud.com/secure/dash2/0/8/1/f/2d84-9d1c-4058-a1af-4c2d276ba00a.m4a/fragment-204-a1-x3.m4s", "duration": 10.0}, {"url": "https://audio7.mixcloud.com/secure/dash2/0/8/1/f/2d84-9d1c-4058-a1af-4c2d276ba00a.m4a/fragment-205-a1-x3.m4s", "duration": 10.0}, {"url": "https://audio7.mixcloud.com/secure/dash2/0/8/1/f/2d84-9d1c-4058-a1af-4c2d276ba00a.m4a/fragment-206-a1-x3.m4s", "duration": 10.0}, {"url": "https://audio7.mixcloud.com/secure/dash2/0/8/1/f/2d84-9d1c-4058-a1af-4c2d276ba00a.m4a/fragment-207-a1-x3.m4s", "duration": 10.0}, {"url": "https://audio7.mixcloud.com/secure/dash2/0/8/1/f/2d84-9d1c-4058-a1af-4c2d276ba00a.m4a/fragment-208-a1-x3.m4s", "duration": 10.0}, {"url": "https://audio7.mixcloud.com/secure/dash2/0/8/1/f/2d84-9d1c-4058-a1af-4c2d276ba00a.m4a/fragment-209-a1-x3.m4s", "duration": 10.0}, {"url": "https://audio7.mixcloud.com/secure/dash2/0/8/1/f/2d84-9d1c-4058-a1af-4c2d276ba00a.m4a/fragment-210-a1-x3.m4s", "duration": 10.0}, {"url": "https://audio7.mixcloud.com/secure/dash2/0/8/1/f/2d84-9d1c-4058-a1af-4c2d276ba00a.m4a/fragment-211-a1-x3.m4s", "duration": 10.0}, {"url": "https://audio7.mixcloud.com/secure/dash2/0/8/1/f/2d84-9d1c-4058-a1af-4c2d276ba00a.m4a/fragment-212-a1-x3.m4s", "duration": 10.0}, {"url": "https://audio7.mixcloud.com/secure/dash2/0/8/1/f/2d84-9d1c-4058-a1af-4c2d276ba00a.m4a/fragment-213-a1-x3.m4s", "duration": 10.0}, {"url": "https://audio7.mixcloud.com/secure/dash2/0/8/1/f/2d84-9d1c-4058-a1af-4c2d276ba00a.m4a/fragment-214-a1-x3.m4s", "duration": 10.0}, {"url": "https://audio7.mixcloud.com/secure/dash2/0/8/1/f/2d84-9d1c-4058-a1af-4c2d276ba00a.m4a/fragment-215-a1-x3.m4s", "duration": 10.0}, {"url": "https://audio7.mixcloud.com/secure/dash2/0/8/1/f/2d84-9d1c-4058-a1af-4c2d276ba00a.m4a/fragment-216-a1-x3.m4s", "duration": 10.0}, {"url": "https://audio7.mixcloud.com/secure/dash2/0/8/1/f/2d84-9d1c-4058-a1af-4c2d276ba00a.m4a/fragment-217-a1-x3.m4s", "duration": 10.0}, {"url": "https://audio7.mixcloud.com/secure/dash2/0/8/1/f/2d84-9d1c-4058-a1af-4c2d276ba00a.m4a/fragment-218-a1-x3.m4s", "duration": 10.0}, {"url": "https://audio7.mixcloud.com/secure/dash2/0/8/1/f/2d84-9d1c-4058-a1af-4c2d276ba00a.m4a/fragment-219-a1-x3.m4s", "duration": 10.0}, {"url": "https://audio7.mixcloud.com/secure/dash2/0/8/1/f/2d84-9d1c-4058-a1af-4c2d276ba00a.m4a/fragment-220-a1-x3.m4s", "duration": 10.0}, {"url": "https://audio7.mixcloud.com/secure/dash2/0/8/1/f/2d84-9d1c-4058-a1af-4c2d276ba00a.m4a/fragment-221-a1-x3.m4s", "duration": 10.0}, {"url": "https://audio7.mixcloud.com/secure/dash2/0/8/1/f/2d84-9d1c-4058-a1af-4c2d276ba00a.m4a/fragment-222-a1-x3.m4s", "duration": 10.0}, {"url": "https://audio7.mixcloud.com/secure/dash2/0/8/1/f/2d84-9d1c-4058-a1af-4c2d276ba00a.m4a/fragment-223-a1-x3.m4s", "duration": 10.0}, {"url": "https://audio7.mixcloud.com/secure/dash2/0/8/1/f/2d84-9d1c-4058-a1af-4c2d276ba00a.m4a/fragment-224-a1-x3.m4s", "duration": 10.0}, {"url": "https://audio7.mixcloud.com/secure/dash2/0/8/1/f/2d84-9d1c-4058-a1af-4c2d276ba00a.m4a/fragment-225-a1-x3.m4s", "duration": 10.0}, {"url": "https://audio7.mixcloud.com/secure/dash2/0/8/1/f/2d84-9d1c-4058-a1af-4c2d276ba00a.m4a/fragment-226-a1-x3.m4s", "duration": 10.0}, {"url": "https://audio7.mixcloud.com/secure/dash2/0/8/1/f/2d84-9d1c-4058-a1af-4c2d276ba00a.m4a/fragment-227-a1-x3.m4s", "duration": 10.0}, {"url": "https://audio7.mixcloud.com/secure/dash2/0/8/1/f/2d84-9d1c-4058-a1af-4c2d276ba00a.m4a/fragment-228-a1-x3.m4s", "duration": 10.0}, {"url": "https://audio7.mixcloud.com/secure/dash2/0/8/1/f/2d84-9d1c-4058-a1af-4c2d276ba00a.m4a/fragment-229-a1-x3.m4s", "duration": 10.0}, {"url": "https://audio7.mixcloud.com/secure/dash2/0/8/1/f/2d84-9d1c-4058-a1af-4c2d276ba00a.m4a/fragment-230-a1-x3.m4s", "duration": 10.0}, {"url": "https://audio7.mixcloud.com/secure/dash2/0/8/1/f/2d84-9d1c-4058-a1af-4c2d276ba00a.m4a/fragment-231-a1-x3.m4s", "duration": 10.0}, {"url": "https://audio7.mixcloud.com/secure/dash2/0/8/1/f/2d84-9d1c-4058-a1af-4c2d276ba00a.m4a/fragment-232-a1-x3.m4s", "duration": 10.0}, {"url": "https://audio7.mixcloud.com/secure/dash2/0/8/1/f/2d84-9d1c-4058-a1af-4c2d276ba00a.m4a/fragment-233-a1-x3.m4s", "duration": 10.0}, {"url": "https://audio7.mixcloud.com/secure/dash2/0/8/1/f/2d84-9d1c-4058-a1af-4c2d276ba00a.m4a/fragment-234-a1-x3.m4s", "duration": 10.0}, {"url": "https://audio7.mixcloud.com/secure/dash2/0/8/1/f/2d84-9d1c-4058-a1af-4c2d276ba00a.m4a/fragment-235-a1-x3.m4s", "duration": 10.0}, {"url": "https://audio7.mixcloud.com/secure/dash2/0/8/1/f/2d84-9d1c-4058-a1af-4c2d276ba00a.m4a/fragment-236-a1-x3.m4s", "duration": 10.0}, {"url": "https://audio7.mixcloud.com/secure/dash2/0/8/1/f/2d84-9d1c-4058-a1af-4c2d276ba00a.m4a/fragment-237-a1-x3.m4s", "duration": 10.0}, {"url": "https://audio7.mixcloud.com/secure/dash2/0/8/1/f/2d84-9d1c-4058-a1af-4c2d276ba00a.m4a/fragment-238-a1-x3.m4s", "duration": 10.0}, {"url": "https://audio7.mixcloud.com/secure/dash2/0/8/1/f/2d84-9d1c-4058-a1af-4c2d276ba00a.m4a/fragment-239-a1-x3.m4s", "duration": 10.0}, {"url": "https://audio7.mixcloud.com/secure/dash2/0/8/1/f/2d84-9d1c-4058-a1af-4c2d276ba00a.m4a/fragment-240-a1-x3.m4s", "duration": 10.0}, {"url": "https://audio7.mixcloud.com/secure/dash2/0/8/1/f/2d84-9d1c-4058-a1af-4c2d276ba00a.m4a/fragment-241-a1-x3.m4s", "duration": 10.0}, {"url": "https://audio7.mixcloud.com/secure/dash2/0/8/1/f/2d84-9d1c-4058-a1af-4c2d276ba00a.m4a/fragment-242-a1-x3.m4s", "duration": 10.0}, {"url": "https://audio7.mixcloud.com/secure/dash2/0/8/1/f/2d84-9d1c-4058-a1af-4c2d276ba00a.m4a/fragment-243-a1-x3.m4s", "duration": 10.0}, {"url": "https://audio7.mixcloud.com/secure/dash2/0/8/1/f/2d84-9d1c-4058-a1af-4c2d276ba00a.m4a/fragment-244-a1-x3.m4s", "duration": 10.0}, {"url": "https://audio7.mixcloud.com/secure/dash2/0/8/1/f/2d84-9d1c-4058-a1af-4c2d276ba00a.m4a/fragment-245-a1-x3.m4s", "duration": 10.0}, {"url": "https://audio7.mixcloud.com/secure/dash2/0/8/1/f/2d84-9d1c-4058-a1af-4c2d276ba00a.m4a/fragment-246-a1-x3.m4s", "duration": 10.0}, {"url": "https://audio7.mixcloud.com/secure/dash2/0/8/1/f/2d84-9d1c-4058-a1af-4c2d276ba00a.m4a/fragment-247-a1-x3.m4s", "duration": 10.0}, {"url": "https://audio7.mixcloud.com/secure/dash2/0/8/1/f/2d84-9d1c-4058-a1af-4c2d276ba00a.m4a/fragment-248-a1-x3.m4s", "duration": 10.0}, {"url": "https://audio7.mixcloud.com/secure/dash2/0/8/1/f/2d84-9d1c-4058-a1af-4c2d276ba00a.m4a/fragment-249-a1-x3.m4s", "duration": 10.0}, {"url": "https://audio7.mixcloud.com/secure/dash2/0/8/1/f/2d84-9d1c-4058-a1af-4c2d276ba00a.m4a/fragment-250-a1-x3.m4s", "duration": 10.0}, {"url": "https://audio7.mixcloud.com/secure/dash2/0/8/1/f/2d84-9d1c-4058-a1af-4c2d276ba00a.m4a/fragment-251-a1-x3.m4s", "duration": 10.0}, {"url": "https://audio7.mixcloud.com/secure/dash2/0/8/1/f/2d84-9d1c-4058-a1af-4c2d276ba00a.m4a/fragment-252-a1-x3.m4s", "duration": 10.0}, {"url": "https://audio7.mixcloud.com/secure/dash2/0/8/1/f/2d84-9d1c-4058-a1af-4c2d276ba00a.m4a/fragment-253-a1-x3.m4s", "duration": 10.0}, {"url": "https://audio7.mixcloud.com/secure/dash2/0/8/1/f/2d84-9d1c-4058-a1af-4c2d276ba00a.m4a/fragment-254-a1-x3.m4s", "duration": 10.0}, {"url": "https://audio7.mixcloud.com/secure/dash2/0/8/1/f/2d84-9d1c-4058-a1af-4c2d276ba00a.m4a/fragment-255-a1-x3.m4s", "duration": 10.0}, {"url": "https://audio7.mixcloud.com/secure/dash2/0/8/1/f/2d84-9d1c-4058-a1af-4c2d276ba00a.m4a/fragment-256-a1-x3.m4s", "duration": 10.0}, {"url": "https://audio7.mixcloud.com/secure/dash2/0/8/1/f/2d84-9d1c-4058-a1af-4c2d276ba00a.m4a/fragment-257-a1-x3.m4s", "duration": 10.0}, {"url": "https://audio7.mixcloud.com/secure/dash2/0/8/1/f/2d84-9d1c-4058-a1af-4c2d276ba00a.m4a/fragment-258-a1-x3.m4s", "duration": 10.0}, {"url": "https://audio7.mixcloud.com/secure/dash2/0/8/1/f/2d84-9d1c-4058-a1af-4c2d276ba00a.m4a/fragment-259-a1-x3.m4s", "duration": 10.0}, {"url": "https://audio7.mixcloud.com/secure/dash2/0/8/1/f/2d84-9d1c-4058-a1af-4c2d276ba00a.m4a/fragment-260-a1-x3.m4s", "duration": 10.0}, {"url": "https://audio7.mixcloud.com/secure/dash2/0/8/1/f/2d84-9d1c-4058-a1af-4c2d276ba00a.m4a/fragment-261-a1-x3.m4s", "duration": 10.0}, {"url": "https://audio7.mixcloud.com/secure/dash2/0/8/1/f/2d84-9d1c-4058-a1af-4c2d276ba00a.m4a/fragment-262-a1-x3.m4s", "duration": 10.0}, {"url": "https://audio7.mixcloud.com/secure/dash2/0/8/1/f/2d84-9d1c-4058-a1af-4c2d276ba00a.m4a/fragment-263-a1-x3.m4s", "duration": 10.0}, {"url": "https://audio7.mixcloud.com/secure/dash2/0/8/1/f/2d84-9d1c-4058-a1af-4c2d276ba00a.m4a/fragment-264-a1-x3.m4s", "duration": 10.0}, {"url": "https://audio7.mixcloud.com/secure/dash2/0/8/1/f/2d84-9d1c-4058-a1af-4c2d276ba00a.m4a/fragment-265-a1-x3.m4s", "duration": 10.0}, {"url": "https://audio7.mixcloud.com/secure/dash2/0/8/1/f/2d84-9d1c-4058-a1af-4c2d276ba00a.m4a/fragment-266-a1-x3.m4s", "duration": 10.0}, {"url": "https://audio7.mixcloud.com/secure/dash2/0/8/1/f/2d84-9d1c-4058-a1af-4c2d276ba00a.m4a/fragment-267-a1-x3.m4s", "duration": 10.0}, {"url": "https://audio7.mixcloud.com/secure/dash2/0/8/1/f/2d84-9d1c-4058-a1af-4c2d276ba00a.m4a/fragment-268-a1-x3.m4s", "duration": 10.0}, {"url": "https://audio7.mixcloud.com/secure/dash2/0/8/1/f/2d84-9d1c-4058-a1af-4c2d276ba00a.m4a/fragment-269-a1-x3.m4s", "duration": 10.0}, {"url": "https://audio7.mixcloud.com/secure/dash2/0/8/1/f/2d84-9d1c-4058-a1af-4c2d276ba00a.m4a/fragment-270-a1-x3.m4s", "duration": 10.0}, {"url": "https://audio7.mixcloud.com/secure/dash2/0/8/1/f/2d84-9d1c-4058-a1af-4c2d276ba00a.m4a/fragment-271-a1-x3.m4s", "duration": 10.0}, {"url": "https://audio7.mixcloud.com/secure/dash2/0/8/1/f/2d84-9d1c-4058-a1af-4c2d276ba00a.m4a/fragment-272-a1-x3.m4s", "duration": 10.0}, {"url": "https://audio7.mixcloud.com/secure/dash2/0/8/1/f/2d84-9d1c-4058-a1af-4c2d276ba00a.m4a/fragment-273-a1-x3.m4s", "duration": 10.0}, {"url": "https://audio7.mixcloud.com/secure/dash2/0/8/1/f/2d84-9d1c-4058-a1af-4c2d276ba00a.m4a/fragment-274-a1-x3.m4s", "duration": 10.0}, {"url": "https://audio7.mixcloud.com/secure/dash2/0/8/1/f/2d84-9d1c-4058-a1af-4c2d276ba00a.m4a/fragment-275-a1-x3.m4s", "duration": 10.0}, {"url": "https://audio7.mixcloud.com/secure/dash2/0/8/1/f/2d84-9d1c-4058-a1af-4c2d276ba00a.m4a/fragment-276-a1-x3.m4s", "duration": 10.0}, {"url": "https://audio7.mixcloud.com/secure/dash2/0/8/1/f/2d84-9d1c-4058-a1af-4c2d276ba00a.m4a/fragment-277-a1-x3.m4s", "duration": 10.0}, {"url": "https://audio7.mixcloud.com/secure/dash2/0/8/1/f/2d84-9d1c-4058-a1af-4c2d276ba00a.m4a/fragment-278-a1-x3.m4s", "duration": 10.0}, {"url": "https://audio7.mixcloud.com/secure/dash2/0/8/1/f/2d84-9d1c-4058-a1af-4c2d276ba00a.m4a/fragment-279-a1-x3.m4s", "duration": 10.0}, {"url": "https://audio7.mixcloud.com/secure/dash2/0/8/1/f/2d84-9d1c-4058-a1af-4c2d276ba00a.m4a/fragment-280-a1-x3.m4s", "duration": 10.0}, {"url": "https://audio7.mixcloud.com/secure/dash2/0/8/1/f/2d84-9d1c-4058-a1af-4c2d276ba00a.m4a/fragment-281-a1-x3.m4s", "duration": 10.0}, {"url": "https://audio7.mixcloud.com/secure/dash2/0/8/1/f/2d84-9d1c-4058-a1af-4c2d276ba00a.m4a/fragment-282-a1-x3.m4s", "duration": 10.0}, {"url": "https://audio7.mixcloud.com/secure/dash2/0/8/1/f/2d84-9d1c-4058-a1af-4c2d276ba00a.m4a/fragment-283-a1-x3.m4s", "duration": 10.0}, {"url": "https://audio7.mixcloud.com/secure/dash2/0/8/1/f/2d84-9d1c-4058-a1af-4c2d276ba00a.m4a/fragment-284-a1-x3.m4s", "duration": 10.0}, {"url": "https://audio7.mixcloud.com/secure/dash2/0/8/1/f/2d84-9d1c-4058-a1af-4c2d276ba00a.m4a/fragment-285-a1-x3.m4s", "duration": 10.0}, {"url": "https://audio7.mixcloud.com/secure/dash2/0/8/1/f/2d84-9d1c-4058-a1af-4c2d276ba00a.m4a/fragment-286-a1-x3.m4s", "duration": 10.0}, {"url": "https://audio7.mixcloud.com/secure/dash2/0/8/1/f/2d84-9d1c-4058-a1af-4c2d276ba00a.m4a/fragment-287-a1-x3.m4s", "duration": 10.0}, {"url": "https://audio7.mixcloud.com/secure/dash2/0/8/1/f/2d84-9d1c-4058-a1af-4c2d276ba00a.m4a/fragment-288-a1-x3.m4s", "duration": 10.0}, {"url": "https://audio7.mixcloud.com/secure/dash2/0/8/1/f/2d84-9d1c-4058-a1af-4c2d276ba00a.m4a/fragment-289-a1-x3.m4s", "duration": 10.0}, {"url": "https://audio7.mixcloud.com/secure/dash2/0/8/1/f/2d84-9d1c-4058-a1af-4c2d276ba00a.m4a/fragment-290-a1-x3.m4s", "duration": 10.0}, {"url": "https://audio7.mixcloud.com/secure/dash2/0/8/1/f/2d84-9d1c-4058-a1af-4c2d276ba00a.m4a/fragment-291-a1-x3.m4s", "duration": 10.0}, {"url": "https://audio7.mixcloud.com/secure/dash2/0/8/1/f/2d84-9d1c-4058-a1af-4c2d276ba00a.m4a/fragment-292-a1-x3.m4s", "duration": 10.0}, {"url": "https://audio7.mixcloud.com/secure/dash2/0/8/1/f/2d84-9d1c-4058-a1af-4c2d276ba00a.m4a/fragment-293-a1-x3.m4s", "duration": 10.0}, {"url": "https://audio7.mixcloud.com/secure/dash2/0/8/1/f/2d84-9d1c-4058-a1af-4c2d276ba00a.m4a/fragment-294-a1-x3.m4s", "duration": 10.0}, {"url": "https://audio7.mixcloud.com/secure/dash2/0/8/1/f/2d84-9d1c-4058-a1af-4c2d276ba00a.m4a/fragment-295-a1-x3.m4s", "duration": 10.0}, {"url": "https://audio7.mixcloud.com/secure/dash2/0/8/1/f/2d84-9d1c-4058-a1af-4c2d276ba00a.m4a/fragment-296-a1-x3.m4s", "duration": 10.0}, {"url": "https://audio7.mixcloud.com/secure/dash2/0/8/1/f/2d84-9d1c-4058-a1af-4c2d276ba00a.m4a/fragment-297-a1-x3.m4s", "duration": 10.0}, {"url": "https://audio7.mixcloud.com/secure/dash2/0/8/1/f/2d84-9d1c-4058-a1af-4c2d276ba00a.m4a/fragment-298-a1-x3.m4s", "duration": 10.0}, {"url": "https://audio7.mixcloud.com/secure/dash2/0/8/1/f/2d84-9d1c-4058-a1af-4c2d276ba00a.m4a/fragment-299-a1-x3.m4s", "duration": 10.0}, {"url": "https://audio7.mixcloud.com/secure/dash2/0/8/1/f/2d84-9d1c-4058-a1af-4c2d276ba00a.m4a/fragment-300-a1-x3.m4s", "duration": 10.0}, {"url": "https://audio7.mixcloud.com/secure/dash2/0/8/1/f/2d84-9d1c-4058-a1af-4c2d276ba00a.m4a/fragment-301-a1-x3.m4s", "duration": 10.0}, {"url": "https://audio7.mixcloud.com/secure/dash2/0/8/1/f/2d84-9d1c-4058-a1af-4c2d276ba00a.m4a/fragment-302-a1-x3.m4s", "duration": 10.0}, {"url": "https://audio7.mixcloud.com/secure/dash2/0/8/1/f/2d84-9d1c-4058-a1af-4c2d276ba00a.m4a/fragment-303-a1-x3.m4s", "duration": 10.0}, {"url": "https://audio7.mixcloud.com/secure/dash2/0/8/1/f/2d84-9d1c-4058-a1af-4c2d276ba00a.m4a/fragment-304-a1-x3.m4s", "duration": 10.0}, {"url": "https://audio7.mixcloud.com/secure/dash2/0/8/1/f/2d84-9d1c-4058-a1af-4c2d276ba00a.m4a/fragment-305-a1-x3.m4s", "duration": 10.0}, {"url": "https://audio7.mixcloud.com/secure/dash2/0/8/1/f/2d84-9d1c-4058-a1af-4c2d276ba00a.m4a/fragment-306-a1-x3.m4s", "duration": 10.0}, {"url": "https://audio7.mixcloud.com/secure/dash2/0/8/1/f/2d84-9d1c-4058-a1af-4c2d276ba00a.m4a/fragment-307-a1-x3.m4s", "duration": 10.0}, {"url": "https://audio7.mixcloud.com/secure/dash2/0/8/1/f/2d84-9d1c-4058-a1af-4c2d276ba00a.m4a/fragment-308-a1-x3.m4s", "duration": 10.0}, {"url": "https://audio7.mixcloud.com/secure/dash2/0/8/1/f/2d84-9d1c-4058-a1af-4c2d276ba00a.m4a/fragment-309-a1-x3.m4s", "duration": 10.0}, {"url": "https://audio7.mixcloud.com/secure/dash2/0/8/1/f/2d84-9d1c-4058-a1af-4c2d276ba00a.m4a/fragment-310-a1-x3.m4s", "duration": 10.0}, {"url": "https://audio7.mixcloud.com/secure/dash2/0/8/1/f/2d84-9d1c-4058-a1af-4c2d276ba00a.m4a/fragment-311-a1-x3.m4s", "duration": 10.0}, {"url": "https://audio7.mixcloud.com/secure/dash2/0/8/1/f/2d84-9d1c-4058-a1af-4c2d276ba00a.m4a/fragment-312-a1-x3.m4s", "duration": 10.0}, {"url": "https://audio7.mixcloud.com/secure/dash2/0/8/1/f/2d84-9d1c-4058-a1af-4c2d276ba00a.m4a/fragment-313-a1-x3.m4s", "duration": 10.0}, {"url": "https://audio7.mixcloud.com/secure/dash2/0/8/1/f/2d84-9d1c-4058-a1af-4c2d276ba00a.m4a/fragment-314-a1-x3.m4s", "duration": 10.0}, {"url": "https://audio7.mixcloud.com/secure/dash2/0/8/1/f/2d84-9d1c-4058-a1af-4c2d276ba00a.m4a/fragment-315-a1-x3.m4s", "duration": 10.0}, {"url": "https://audio7.mixcloud.com/secure/dash2/0/8/1/f/2d84-9d1c-4058-a1af-4c2d276ba00a.m4a/fragment-316-a1-x3.m4s", "duration": 10.0}, {"url": "https://audio7.mixcloud.com/secure/dash2/0/8/1/f/2d84-9d1c-4058-a1af-4c2d276ba00a.m4a/fragment-317-a1-x3.m4s", "duration": 10.0}, {"url": "https://audio7.mixcloud.com/secure/dash2/0/8/1/f/2d84-9d1c-4058-a1af-4c2d276ba00a.m4a/fragment-318-a1-x3.m4s", "duration": 10.0}, {"url": "https://audio7.mixcloud.com/secure/dash2/0/8/1/f/2d84-9d1c-4058-a1af-4c2d276ba00a.m4a/fragment-319-a1-x3.m4s", "duration": 10.0}, {"url": "https://audio7.mixcloud.com/secure/dash2/0/8/1/f/2d84-9d1c-4058-a1af-4c2d276ba00a.m4a/fragment-320-a1-x3.m4s", "duration": 10.0}, {"url": "https://audio7.mixcloud.com/secure/dash2/0/8/1/f/2d84-9d1c-4058-a1af-4c2d276ba00a.m4a/fragment-321-a1-x3.m4s", "duration": 10.0}, {"url": "https://audio7.mixcloud.com/secure/dash2/0/8/1/f/2d84-9d1c-4058-a1af-4c2d276ba00a.m4a/fragment-322-a1-x3.m4s", "duration": 10.0}, {"url": "https://audio7.mixcloud.com/secure/dash2/0/8/1/f/2d84-9d1c-4058-a1af-4c2d276ba00a.m4a/fragment-323-a1-x3.m4s", "duration": 10.0}, {"url": "https://audio7.mixcloud.com/secure/dash2/0/8/1/f/2d84-9d1c-4058-a1af-4c2d276ba00a.m4a/fragment-324-a1-x3.m4s", "duration": 10.0}, {"url": "https://audio7.mixcloud.com/secure/dash2/0/8/1/f/2d84-9d1c-4058-a1af-4c2d276ba00a.m4a/fragment-325-a1-x3.m4s", "duration": 10.0}, {"url": "https://audio7.mixcloud.com/secure/dash2/0/8/1/f/2d84-9d1c-4058-a1af-4c2d276ba00a.m4a/fragment-326-a1-x3.m4s", "duration": 10.0}, {"url": "https://audio7.mixcloud.com/secure/dash2/0/8/1/f/2d84-9d1c-4058-a1af-4c2d276ba00a.m4a/fragment-327-a1-x3.m4s", "duration": 10.0}, {"url": "https://audio7.mixcloud.com/secure/dash2/0/8/1/f/2d84-9d1c-4058-a1af-4c2d276ba00a.m4a/fragment-328-a1-x3.m4s", "duration": 10.0}, {"url": "https://audio7.mixcloud.com/secure/dash2/0/8/1/f/2d84-9d1c-4058-a1af-4c2d276ba00a.m4a/fragment-329-a1-x3.m4s", "duration": 10.0}, {"url": "https://audio7.mixcloud.com/secure/dash2/0/8/1/f/2d84-9d1c-4058-a1af-4c2d276ba00a.m4a/fragment-330-a1-x3.m4s", "duration": 10.0}, {"url": "https://audio7.mixcloud.com/secure/dash2/0/8/1/f/2d84-9d1c-4058-a1af-4c2d276ba00a.m4a/fragment-331-a1-x3.m4s", "duration": 10.0}, {"url": "https://audio7.mixcloud.com/secure/dash2/0/8/1/f/2d84-9d1c-4058-a1af-4c2d276ba00a.m4a/fragment-332-a1-x3.m4s", "duration": 10.0}, {"url": "https://audio7.mixcloud.com/secure/dash2/0/8/1/f/2d84-9d1c-4058-a1af-4c2d276ba00a.m4a/fragment-333-a1-x3.m4s", "duration": 10.0}, {"url": "https://audio7.mixcloud.com/secure/dash2/0/8/1/f/2d84-9d1c-4058-a1af-4c2d276ba00a.m4a/fragment-334-a1-x3.m4s", "duration": 10.0}, {"url": "https://audio7.mixcloud.com/secure/dash2/0/8/1/f/2d84-9d1c-4058-a1af-4c2d276ba00a.m4a/fragment-335-a1-x3.m4s", "duration": 10.0}, {"url": "https://audio7.mixcloud.com/secure/dash2/0/8/1/f/2d84-9d1c-4058-a1af-4c2d276ba00a.m4a/fragment-336-a1-x3.m4s", "duration": 10.0}, {"url": "https://audio7.mixcloud.com/secure/dash2/0/8/1/f/2d84-9d1c-4058-a1af-4c2d276ba00a.m4a/fragment-337-a1-x3.m4s", "duration": 10.0}, {"url": "https://audio7.mixcloud.com/secure/dash2/0/8/1/f/2d84-9d1c-4058-a1af-4c2d276ba00a.m4a/fragment-338-a1-x3.m4s", "duration": 10.0}, {"url": "https://audio7.mixcloud.com/secure/dash2/0/8/1/f/2d84-9d1c-4058-a1af-4c2d276ba00a.m4a/fragment-339-a1-x3.m4s", "duration": 10.0}, {"url": "https://audio7.mixcloud.com/secure/dash2/0/8/1/f/2d84-9d1c-4058-a1af-4c2d276ba00a.m4a/fragment-340-a1-x3.m4s", "duration": 10.0}, {"url": "https://audio7.mixcloud.com/secure/dash2/0/8/1/f/2d84-9d1c-4058-a1af-4c2d276ba00a.m4a/fragment-341-a1-x3.m4s", "duration": 10.0}, {"url": "https://audio7.mixcloud.com/secure/dash2/0/8/1/f/2d84-9d1c-4058-a1af-4c2d276ba00a.m4a/fragment-342-a1-x3.m4s", "duration": 10.0}, {"url": "https://audio7.mixcloud.com/secure/dash2/0/8/1/f/2d84-9d1c-4058-a1af-4c2d276ba00a.m4a/fragment-343-a1-x3.m4s", "duration": 10.0}, {"url": "https://audio7.mixcloud.com/secure/dash2/0/8/1/f/2d84-9d1c-4058-a1af-4c2d276ba00a.m4a/fragment-344-a1-x3.m4s", "duration": 10.0}, {"url": "https://audio7.mixcloud.com/secure/dash2/0/8/1/f/2d84-9d1c-4058-a1af-4c2d276ba00a.m4a/fragment-345-a1-x3.m4s", "duration": 10.0}, {"url": "https://audio7.mixcloud.com/secure/dash2/0/8/1/f/2d84-9d1c-4058-a1af-4c2d276ba00a.m4a/fragment-346-a1-x3.m4s", "duration": 10.0}, {"url": "https://audio7.mixcloud.com/secure/dash2/0/8/1/f/2d84-9d1c-4058-a1af-4c2d276ba00a.m4a/fragment-347-a1-x3.m4s", "duration": 10.0}, {"url": "https://audio7.mixcloud.com/secure/dash2/0/8/1/f/2d84-9d1c-4058-a1af-4c2d276ba00a.m4a/fragment-348-a1-x3.m4s", "duration": 10.0}, {"url": "https://audio7.mixcloud.com/secure/dash2/0/8/1/f/2d84-9d1c-4058-a1af-4c2d276ba00a.m4a/fragment-349-a1-x3.m4s", "duration": 10.0}, {"url": "https://audio7.mixcloud.com/secure/dash2/0/8/1/f/2d84-9d1c-4058-a1af-4c2d276ba00a.m4a/fragment-350-a1-x3.m4s", "duration": 10.0}, {"url": "https://audio7.mixcloud.com/secure/dash2/0/8/1/f/2d84-9d1c-4058-a1af-4c2d276ba00a.m4a/fragment-351-a1-x3.m4s", "duration": 10.0}, {"url": "https://audio7.mixcloud.com/secure/dash2/0/8/1/f/2d84-9d1c-4058-a1af-4c2d276ba00a.m4a/fragment-352-a1-x3.m4s", "duration": 10.0}, {"url": "https://audio7.mixcloud.com/secure/dash2/0/8/1/f/2d84-9d1c-4058-a1af-4c2d276ba00a.m4a/fragment-353-a1-x3.m4s", "duration": 10.0}, {"url": "https://audio7.mixcloud.com/secure/dash2/0/8/1/f/2d84-9d1c-4058-a1af-4c2d276ba00a.m4a/fragment-354-a1-x3.m4s", "duration": 10.0}, {"url": "https://audio7.mixcloud.com/secure/dash2/0/8/1/f/2d84-9d1c-4058-a1af-4c2d276ba00a.m4a/fragment-355-a1-x3.m4s", "duration": 10.0}, {"url": "https://audio7.mixcloud.com/secure/dash2/0/8/1/f/2d84-9d1c-4058-a1af-4c2d276ba00a.m4a/fragment-356-a1-x3.m4s", "duration": 10.0}, {"url": "https://audio7.mixcloud.com/secure/dash2/0/8/1/f/2d84-9d1c-4058-a1af-4c2d276ba00a.m4a/fragment-357-a1-x3.m4s", "duration": 10.0}, {"url": "https://audio7.mixcloud.com/secure/dash2/0/8/1/f/2d84-9d1c-4058-a1af-4c2d276ba00a.m4a/fragment-358-a1-x3.m4s", "duration": 10.0}, {"url": "https://audio7.mixcloud.com/secure/dash2/0/8/1/f/2d84-9d1c-4058-a1af-4c2d276ba00a.m4a/fragment-359-a1-x3.m4s", "duration": 10.0}, {"url": "https://audio7.mixcloud.com/secure/dash2/0/8/1/f/2d84-9d1c-4058-a1af-4c2d276ba00a.m4a/fragment-360-a1-x3.m4s", "duration": 10.0}, {"url": "https://audio7.mixcloud.com/secure/dash2/0/8/1/f/2d84-9d1c-4058-a1af-4c2d276ba00a.m4a/fragment-361-a1-x3.m4s", "duration": 10.0}, {"url": "https://audio7.mixcloud.com/secure/dash2/0/8/1/f/2d84-9d1c-4058-a1af-4c2d276ba00a.m4a/fragment-362-a1-x3.m4s", "duration": 10.0}, {"url": "https://audio7.mixcloud.com/secure/dash2/0/8/1/f/2d84-9d1c-4058-a1af-4c2d276ba00a.m4a/fragment-363-a1-x3.m4s", "duration": 10.0}, {"url": "https://audio7.mixcloud.com/secure/dash2/0/8/1/f/2d84-9d1c-4058-a1af-4c2d276ba00a.m4a/fragment-364-a1-x3.m4s", "duration": 10.0}, {"url": "https://audio7.mixcloud.com/secure/dash2/0/8/1/f/2d84-9d1c-4058-a1af-4c2d276ba00a.m4a/fragment-365-a1-x3.m4s", "duration": 10.0}, {"url": "https://audio7.mixcloud.com/secure/dash2/0/8/1/f/2d84-9d1c-4058-a1af-4c2d276ba00a.m4a/fragment-366-a1-x3.m4s", "duration": 10.0}, {"url": "https://audio7.mixcloud.com/secure/dash2/0/8/1/f/2d84-9d1c-4058-a1af-4c2d276ba00a.m4a/fragment-367-a1-x3.m4s", "duration": 10.0}, {"url": "https://audio7.mixcloud.com/secure/dash2/0/8/1/f/2d84-9d1c-4058-a1af-4c2d276ba00a.m4a/fragment-368-a1-x3.m4s", "duration": 10.0}, {"url": "https://audio7.mixcloud.com/secure/dash2/0/8/1/f/2d84-9d1c-4058-a1af-4c2d276ba00a.m4a/fragment-369-a1-x3.m4s", "duration": 10.0}, {"url": "https://audio7.mixcloud.com/secure/dash2/0/8/1/f/2d84-9d1c-4058-a1af-4c2d276ba00a.m4a/fragment-370-a1-x3.m4s", "duration": 10.0}, {"url": "https://audio7.mixcloud.com/secure/dash2/0/8/1/f/2d84-9d1c-4058-a1af-4c2d276ba00a.m4a/fragment-371-a1-x3.m4s", "duration": 10.0}, {"url": "https://audio7.mixcloud.com/secure/dash2/0/8/1/f/2d84-9d1c-4058-a1af-4c2d276ba00a.m4a/fragment-372-a1-x3.m4s", "duration": 10.0}, {"url": "https://audio7.mixcloud.com/secure/dash2/0/8/1/f/2d84-9d1c-4058-a1af-4c2d276ba00a.m4a/fragment-373-a1-x3.m4s", "duration": 10.0}, {"url": "https://audio7.mixcloud.com/secure/dash2/0/8/1/f/2d84-9d1c-4058-a1af-4c2d276ba00a.m4a/fragment-374-a1-x3.m4s", "duration": 10.0}, {"url": "https://audio7.mixcloud.com/secure/dash2/0/8/1/f/2d84-9d1c-4058-a1af-4c2d276ba00a.m4a/fragment-375-a1-x3.m4s", "duration": 10.0}, {"url": "https://audio7.mixcloud.com/secure/dash2/0/8/1/f/2d84-9d1c-4058-a1af-4c2d276ba00a.m4a/fragment-376-a1-x3.m4s", "duration": 10.0}, {"url": "https://audio7.mixcloud.com/secure/dash2/0/8/1/f/2d84-9d1c-4058-a1af-4c2d276ba00a.m4a/fragment-377-a1-x3.m4s", "duration": 10.0}, {"url": "https://audio7.mixcloud.com/secure/dash2/0/8/1/f/2d84-9d1c-4058-a1af-4c2d276ba00a.m4a/fragment-378-a1-x3.m4s", "duration": 10.0}, {"url": "https://audio7.mixcloud.com/secure/dash2/0/8/1/f/2d84-9d1c-4058-a1af-4c2d276ba00a.m4a/fragment-379-a1-x3.m4s", "duration": 10.0}, {"url": "https://audio7.mixcloud.com/secure/dash2/0/8/1/f/2d84-9d1c-4058-a1af-4c2d276ba00a.m4a/fragment-380-a1-x3.m4s", "duration": 10.0}, {"url": "https://audio7.mixcloud.com/secure/dash2/0/8/1/f/2d84-9d1c-4058-a1af-4c2d276ba00a.m4a/fragment-381-a1-x3.m4s", "duration": 10.0}, {"url": "https://audio7.mixcloud.com/secure/dash2/0/8/1/f/2d84-9d1c-4058-a1af-4c2d276ba00a.m4a/fragment-382-a1-x3.m4s", "duration": 10.0}, {"url": "https://audio7.mixcloud.com/secure/dash2/0/8/1/f/2d84-9d1c-4058-a1af-4c2d276ba00a.m4a/fragment-383-a1-x3.m4s", "duration": 10.0}, {"url": "https://audio7.mixcloud.com/secure/dash2/0/8/1/f/2d84-9d1c-4058-a1af-4c2d276ba00a.m4a/fragment-384-a1-x3.m4s", "duration": 10.0}, {"url": "https://audio7.mixcloud.com/secure/dash2/0/8/1/f/2d84-9d1c-4058-a1af-4c2d276ba00a.m4a/fragment-385-a1-x3.m4s", "duration": 10.0}, {"url": "https://audio7.mixcloud.com/secure/dash2/0/8/1/f/2d84-9d1c-4058-a1af-4c2d276ba00a.m4a/fragment-386-a1-x3.m4s", "duration": 10.0}, {"url": "https://audio7.mixcloud.com/secure/dash2/0/8/1/f/2d84-9d1c-4058-a1af-4c2d276ba00a.m4a/fragment-387-a1-x3.m4s", "duration": 10.0}, {"url": "https://audio7.mixcloud.com/secure/dash2/0/8/1/f/2d84-9d1c-4058-a1af-4c2d276ba00a.m4a/fragment-388-a1-x3.m4s", "duration": 10.0}, {"url": "https://audio7.mixcloud.com/secure/dash2/0/8/1/f/2d84-9d1c-4058-a1af-4c2d276ba00a.m4a/fragment-389-a1-x3.m4s", "duration": 10.0}, {"url": "https://audio7.mixcloud.com/secure/dash2/0/8/1/f/2d84-9d1c-4058-a1af-4c2d276ba00a.m4a/fragment-390-a1-x3.m4s", "duration": 10.0}, {"url": "https://audio7.mixcloud.com/secure/dash2/0/8/1/f/2d84-9d1c-4058-a1af-4c2d276ba00a.m4a/fragment-391-a1-x3.m4s", "duration": 10.0}, {"url": "https://audio7.mixcloud.com/secure/dash2/0/8/1/f/2d84-9d1c-4058-a1af-4c2d276ba00a.m4a/fragment-392-a1-x3.m4s", "duration": 10.0}, {"url": "https://audio7.mixcloud.com/secure/dash2/0/8/1/f/2d84-9d1c-4058-a1af-4c2d276ba00a.m4a/fragment-393-a1-x3.m4s", "duration": 10.0}, {"url": "https://audio7.mixcloud.com/secure/dash2/0/8/1/f/2d84-9d1c-4058-a1af-4c2d276ba00a.m4a/fragment-394-a1-x3.m4s", "duration": 10.0}, {"url": "https://audio7.mixcloud.com/secure/dash2/0/8/1/f/2d84-9d1c-4058-a1af-4c2d276ba00a.m4a/fragment-395-a1-x3.m4s", "duration": 10.0}, {"url": "https://audio7.mixcloud.com/secure/dash2/0/8/1/f/2d84-9d1c-4058-a1af-4c2d276ba00a.m4a/fragment-396-a1-x3.m4s", "duration": 10.0}, {"url": "https://audio7.mixcloud.com/secure/dash2/0/8/1/f/2d84-9d1c-4058-a1af-4c2d276ba00a.m4a/fragment-397-a1-x3.m4s", "duration": 10.0}, {"url": "https://audio7.mixcloud.com/secure/dash2/0/8/1/f/2d84-9d1c-4058-a1af-4c2d276ba00a.m4a/fragment-398-a1-x3.m4s", "duration": 10.0}, {"url": "https://audio7.mixcloud.com/secure/dash2/0/8/1/f/2d84-9d1c-4058-a1af-4c2d276ba00a.m4a/fragment-399-a1-x3.m4s", "duration": 10.0}, {"url": "https://audio7.mixcloud.com/secure/dash2/0/8/1/f/2d84-9d1c-4058-a1af-4c2d276ba00a.m4a/fragment-400-a1-x3.m4s", "duration": 10.0}, {"url": "https://audio7.mixcloud.com/secure/dash2/0/8/1/f/2d84-9d1c-4058-a1af-4c2d276ba00a.m4a/fragment-401-a1-x3.m4s", "duration": 10.0}, {"url": "https://audio7.mixcloud.com/secure/dash2/0/8/1/f/2d84-9d1c-4058-a1af-4c2d276ba00a.m4a/fragment-402-a1-x3.m4s", "duration": 10.0}, {"url": "https://audio7.mixcloud.com/secure/dash2/0/8/1/f/2d84-9d1c-4058-a1af-4c2d276ba00a.m4a/fragment-403-a1-x3.m4s", "duration": 10.0}, {"url": "https://audio7.mixcloud.com/secure/dash2/0/8/1/f/2d84-9d1c-4058-a1af-4c2d276ba00a.m4a/fragment-404-a1-x3.m4s", "duration": 10.0}, {"url": "https://audio7.mixcloud.com/secure/dash2/0/8/1/f/2d84-9d1c-4058-a1af-4c2d276ba00a.m4a/fragment-405-a1-x3.m4s", "duration": 10.0}, {"url": "https://audio7.mixcloud.com/secure/dash2/0/8/1/f/2d84-9d1c-4058-a1af-4c2d276ba00a.m4a/fragment-406-a1-x3.m4s", "duration": 10.0}, {"url": "https://audio7.mixcloud.com/secure/dash2/0/8/1/f/2d84-9d1c-4058-a1af-4c2d276ba00a.m4a/fragment-407-a1-x3.m4s", "duration": 10.0}, {"url": "https://audio7.mixcloud.com/secure/dash2/0/8/1/f/2d84-9d1c-4058-a1af-4c2d276ba00a.m4a/fragment-408-a1-x3.m4s", "duration": 10.0}, {"url": "https://audio7.mixcloud.com/secure/dash2/0/8/1/f/2d84-9d1c-4058-a1af-4c2d276ba00a.m4a/fragment-409-a1-x3.m4s", "duration": 10.0}, {"url": "https://audio7.mixcloud.com/secure/dash2/0/8/1/f/2d84-9d1c-4058-a1af-4c2d276ba00a.m4a/fragment-410-a1-x3.m4s", "duration": 10.0}, {"url": "https://audio7.mixcloud.com/secure/dash2/0/8/1/f/2d84-9d1c-4058-a1af-4c2d276ba00a.m4a/fragment-411-a1-x3.m4s", "duration": 10.0}, {"url": "https://audio7.mixcloud.com/secure/dash2/0/8/1/f/2d84-9d1c-4058-a1af-4c2d276ba00a.m4a/fragment-412-a1-x3.m4s", "duration": 10.0}, {"url": "https://audio7.mixcloud.com/secure/dash2/0/8/1/f/2d84-9d1c-4058-a1af-4c2d276ba00a.m4a/fragment-413-a1-x3.m4s", "duration": 10.0}, {"url": "https://audio7.mixcloud.com/secure/dash2/0/8/1/f/2d84-9d1c-4058-a1af-4c2d276ba00a.m4a/fragment-414-a1-x3.m4s", "duration": 10.0}, {"url": "https://audio7.mixcloud.com/secure/dash2/0/8/1/f/2d84-9d1c-4058-a1af-4c2d276ba00a.m4a/fragment-415-a1-x3.m4s", "duration": 10.0}, {"url": "https://audio7.mixcloud.com/secure/dash2/0/8/1/f/2d84-9d1c-4058-a1af-4c2d276ba00a.m4a/fragment-416-a1-x3.m4s", "duration": 10.0}, {"url": "https://audio7.mixcloud.com/secure/dash2/0/8/1/f/2d84-9d1c-4058-a1af-4c2d276ba00a.m4a/fragment-417-a1-x3.m4s", "duration": 10.0}, {"url": "https://audio7.mixcloud.com/secure/dash2/0/8/1/f/2d84-9d1c-4058-a1af-4c2d276ba00a.m4a/fragment-418-a1-x3.m4s", "duration": 10.0}, {"url": "https://audio7.mixcloud.com/secure/dash2/0/8/1/f/2d84-9d1c-4058-a1af-4c2d276ba00a.m4a/fragment-419-a1-x3.m4s", "duration": 10.0}, {"url": "https://audio7.mixcloud.com/secure/dash2/0/8/1/f/2d84-9d1c-4058-a1af-4c2d276ba00a.m4a/fragment-420-a1-x3.m4s", "duration": 10.0}, {"url": "https://audio7.mixcloud.com/secure/dash2/0/8/1/f/2d84-9d1c-4058-a1af-4c2d276ba00a.m4a/fragment-421-a1-x3.m4s", "duration": 10.0}, {"url": "https://audio7.mixcloud.com/secure/dash2/0/8/1/f/2d84-9d1c-4058-a1af-4c2d276ba00a.m4a/fragment-422-a1-x3.m4s", "duration": 10.0}, {"url": "https://audio7.mixcloud.com/secure/dash2/0/8/1/f/2d84-9d1c-4058-a1af-4c2d276ba00a.m4a/fragment-423-a1-x3.m4s", "duration": 10.0}, {"url": "https://audio7.mixcloud.com/secure/dash2/0/8/1/f/2d84-9d1c-4058-a1af-4c2d276ba00a.m4a/fragment-424-a1-x3.m4s", "duration": 10.0}, {"url": "https://audio7.mixcloud.com/secure/dash2/0/8/1/f/2d84-9d1c-4058-a1af-4c2d276ba00a.m4a/fragment-425-a1-x3.m4s", "duration": 10.0}, {"url": "https://audio7.mixcloud.com/secure/dash2/0/8/1/f/2d84-9d1c-4058-a1af-4c2d276ba00a.m4a/fragment-426-a1-x3.m4s", "duration": 10.0}, {"url": "https://audio7.mixcloud.com/secure/dash2/0/8/1/f/2d84-9d1c-4058-a1af-4c2d276ba00a.m4a/fragment-427-a1-x3.m4s", "duration": 10.0}, {"url": "https://audio7.mixcloud.com/secure/dash2/0/8/1/f/2d84-9d1c-4058-a1af-4c2d276ba00a.m4a/fragment-428-a1-x3.m4s", "duration": 10.0}, {"url": "https://audio7.mixcloud.com/secure/dash2/0/8/1/f/2d84-9d1c-4058-a1af-4c2d276ba00a.m4a/fragment-429-a1-x3.m4s", "duration": 10.0}, {"url": "https://audio7.mixcloud.com/secure/dash2/0/8/1/f/2d84-9d1c-4058-a1af-4c2d276ba00a.m4a/fragment-430-a1-x3.m4s", "duration": 10.0}, {"url": "https://audio7.mixcloud.com/secure/dash2/0/8/1/f/2d84-9d1c-4058-a1af-4c2d276ba00a.m4a/fragment-431-a1-x3.m4s", "duration": 10.0}, {"url": "https://audio7.mixcloud.com/secure/dash2/0/8/1/f/2d84-9d1c-4058-a1af-4c2d276ba00a.m4a/fragment-432-a1-x3.m4s", "duration": 10.0}, {"url": "https://audio7.mixcloud.com/secure/dash2/0/8/1/f/2d84-9d1c-4058-a1af-4c2d276ba00a.m4a/fragment-433-a1-x3.m4s", "duration": 10.0}, {"url": "https://audio7.mixcloud.com/secure/dash2/0/8/1/f/2d84-9d1c-4058-a1af-4c2d276ba00a.m4a/fragment-434-a1-x3.m4s", "duration": 10.0}, {"url": "https://audio7.mixcloud.com/secure/dash2/0/8/1/f/2d84-9d1c-4058-a1af-4c2d276ba00a.m4a/fragment-435-a1-x3.m4s", "duration": 10.0}, {"url": "https://audio7.mixcloud.com/secure/dash2/0/8/1/f/2d84-9d1c-4058-a1af-4c2d276ba00a.m4a/fragment-436-a1-x3.m4s", "duration": 10.0}, {"url": "https://audio7.mixcloud.com/secure/dash2/0/8/1/f/2d84-9d1c-4058-a1af-4c2d276ba00a.m4a/fragment-437-a1-x3.m4s", "duration": 10.0}, {"url": "https://audio7.mixcloud.com/secure/dash2/0/8/1/f/2d84-9d1c-4058-a1af-4c2d276ba00a.m4a/fragment-438-a1-x3.m4s", "duration": 10.0}, {"url": "https://audio7.mixcloud.com/secure/dash2/0/8/1/f/2d84-9d1c-4058-a1af-4c2d276ba00a.m4a/fragment-439-a1-x3.m4s", "duration": 10.0}, {"url": "https://audio7.mixcloud.com/secure/dash2/0/8/1/f/2d84-9d1c-4058-a1af-4c2d276ba00a.m4a/fragment-440-a1-x3.m4s", "duration": 10.0}, {"url": "https://audio7.mixcloud.com/secure/dash2/0/8/1/f/2d84-9d1c-4058-a1af-4c2d276ba00a.m4a/fragment-441-a1-x3.m4s", "duration": 10.0}, {"url": "https://audio7.mixcloud.com/secure/dash2/0/8/1/f/2d84-9d1c-4058-a1af-4c2d276ba00a.m4a/fragment-442-a1-x3.m4s", "duration": 10.0}, {"url": "https://audio7.mixcloud.com/secure/dash2/0/8/1/f/2d84-9d1c-4058-a1af-4c2d276ba00a.m4a/fragment-443-a1-x3.m4s", "duration": 10.0}, {"url": "https://audio7.mixcloud.com/secure/dash2/0/8/1/f/2d84-9d1c-4058-a1af-4c2d276ba00a.m4a/fragment-444-a1-x3.m4s", "duration": 10.0}, {"url": "https://audio7.mixcloud.com/secure/dash2/0/8/1/f/2d84-9d1c-4058-a1af-4c2d276ba00a.m4a/fragment-445-a1-x3.m4s", "duration": 10.0}, {"url": "https://audio7.mixcloud.com/secure/dash2/0/8/1/f/2d84-9d1c-4058-a1af-4c2d276ba00a.m4a/fragment-446-a1-x3.m4s", "duration": 10.0}, {"url": "https://audio7.mixcloud.com/secure/dash2/0/8/1/f/2d84-9d1c-4058-a1af-4c2d276ba00a.m4a/fragment-447-a1-x3.m4s", "duration": 10.0}, {"url": "https://audio7.mixcloud.com/secure/dash2/0/8/1/f/2d84-9d1c-4058-a1af-4c2d276ba00a.m4a/fragment-448-a1-x3.m4s", "duration": 10.0}, {"url": "https://audio7.mixcloud.com/secure/dash2/0/8/1/f/2d84-9d1c-4058-a1af-4c2d276ba00a.m4a/fragment-449-a1-x3.m4s", "duration": 10.0}, {"url": "https://audio7.mixcloud.com/secure/dash2/0/8/1/f/2d84-9d1c-4058-a1af-4c2d276ba00a.m4a/fragment-450-a1-x3.m4s", "duration": 10.0}, {"url": "https://audio7.mixcloud.com/secure/dash2/0/8/1/f/2d84-9d1c-4058-a1af-4c2d276ba00a.m4a/fragment-451-a1-x3.m4s", "duration": 10.0}, {"url": "https://audio7.mixcloud.com/secure/dash2/0/8/1/f/2d84-9d1c-4058-a1af-4c2d276ba00a.m4a/fragment-452-a1-x3.m4s", "duration": 10.0}, {"url": "https://audio7.mixcloud.com/secure/dash2/0/8/1/f/2d84-9d1c-4058-a1af-4c2d276ba00a.m4a/fragment-453-a1-x3.m4s", "duration": 10.0}, {"url": "https://audio7.mixcloud.com/secure/dash2/0/8/1/f/2d84-9d1c-4058-a1af-4c2d276ba00a.m4a/fragment-454-a1-x3.m4s", "duration": 10.0}, {"url": "https://audio7.mixcloud.com/secure/dash2/0/8/1/f/2d84-9d1c-4058-a1af-4c2d276ba00a.m4a/fragment-455-a1-x3.m4s", "duration": 10.0}, {"url": "https://audio7.mixcloud.com/secure/dash2/0/8/1/f/2d84-9d1c-4058-a1af-4c2d276ba00a.m4a/fragment-456-a1-x3.m4s", "duration": 10.0}, {"url": "https://audio7.mixcloud.com/secure/dash2/0/8/1/f/2d84-9d1c-4058-a1af-4c2d276ba00a.m4a/fragment-457-a1-x3.m4s", "duration": 10.0}, {"url": "https://audio7.mixcloud.com/secure/dash2/0/8/1/f/2d84-9d1c-4058-a1af-4c2d276ba00a.m4a/fragment-458-a1-x3.m4s", "duration": 10.0}, {"url": "https://audio7.mixcloud.com/secure/dash2/0/8/1/f/2d84-9d1c-4058-a1af-4c2d276ba00a.m4a/fragment-459-a1-x3.m4s", "duration": 10.0}, {"url": "https://audio7.mixcloud.com/secure/dash2/0/8/1/f/2d84-9d1c-4058-a1af-4c2d276ba00a.m4a/fragment-460-a1-x3.m4s", "duration": 10.0}, {"url": "https://audio7.mixcloud.com/secure/dash2/0/8/1/f/2d84-9d1c-4058-a1af-4c2d276ba00a.m4a/fragment-461-a1-x3.m4s", "duration": 10.0}, {"url": "https://audio7.mixcloud.com/secure/dash2/0/8/1/f/2d84-9d1c-4058-a1af-4c2d276ba00a.m4a/fragment-462-a1-x3.m4s", "duration": 10.0}, {"url": "https://audio7.mixcloud.com/secure/dash2/0/8/1/f/2d84-9d1c-4058-a1af-4c2d276ba00a.m4a/fragment-463-a1-x3.m4s", "duration": 10.0}, {"url": "https://audio7.mixcloud.com/secure/dash2/0/8/1/f/2d84-9d1c-4058-a1af-4c2d276ba00a.m4a/fragment-464-a1-x3.m4s", "duration": 10.0}, {"url": "https://audio7.mixcloud.com/secure/dash2/0/8/1/f/2d84-9d1c-4058-a1af-4c2d276ba00a.m4a/fragment-465-a1-x3.m4s", "duration": 10.0}, {"url": "https://audio7.mixcloud.com/secure/dash2/0/8/1/f/2d84-9d1c-4058-a1af-4c2d276ba00a.m4a/fragment-466-a1-x3.m4s", "duration": 10.0}, {"url": "https://audio7.mixcloud.com/secure/dash2/0/8/1/f/2d84-9d1c-4058-a1af-4c2d276ba00a.m4a/fragment-467-a1-x3.m4s", "duration": 10.0}, {"url": "https://audio7.mixcloud.com/secure/dash2/0/8/1/f/2d84-9d1c-4058-a1af-4c2d276ba00a.m4a/fragment-468-a1-x3.m4s", "duration": 10.0}, {"url": "https://audio7.mixcloud.com/secure/dash2/0/8/1/f/2d84-9d1c-4058-a1af-4c2d276ba00a.m4a/fragment-469-a1-x3.m4s", "duration": 10.0}, {"url": "https://audio7.mixcloud.com/secure/dash2/0/8/1/f/2d84-9d1c-4058-a1af-4c2d276ba00a.m4a/fragment-470-a1-x3.m4s", "duration": 10.0}, {"url": "https://audio7.mixcloud.com/secure/dash2/0/8/1/f/2d84-9d1c-4058-a1af-4c2d276ba00a.m4a/fragment-471-a1-x3.m4s", "duration": 10.0}, {"url": "https://audio7.mixcloud.com/secure/dash2/0/8/1/f/2d84-9d1c-4058-a1af-4c2d276ba00a.m4a/fragment-472-a1-x3.m4s", "duration": 10.0}, {"url": "https://audio7.mixcloud.com/secure/dash2/0/8/1/f/2d84-9d1c-4058-a1af-4c2d276ba00a.m4a/fragment-473-a1-x3.m4s", "duration": 10.0}, {"url": "https://audio7.mixcloud.com/secure/dash2/0/8/1/f/2d84-9d1c-4058-a1af-4c2d276ba00a.m4a/fragment-474-a1-x3.m4s", "duration": 10.0}, {"url": "https://audio7.mixcloud.com/secure/dash2/0/8/1/f/2d84-9d1c-4058-a1af-4c2d276ba00a.m4a/fragment-475-a1-x3.m4s", "duration": 10.0}, {"url": "https://audio7.mixcloud.com/secure/dash2/0/8/1/f/2d84-9d1c-4058-a1af-4c2d276ba00a.m4a/fragment-476-a1-x3.m4s", "duration": 10.0}, {"url": "https://audio7.mixcloud.com/secure/dash2/0/8/1/f/2d84-9d1c-4058-a1af-4c2d276ba00a.m4a/fragment-477-a1-x3.m4s", "duration": 10.0}, {"url": "https://audio7.mixcloud.com/secure/dash2/0/8/1/f/2d84-9d1c-4058-a1af-4c2d276ba00a.m4a/fragment-478-a1-x3.m4s", "duration": 10.0}, {"url": "https://audio7.mixcloud.com/secure/dash2/0/8/1/f/2d84-9d1c-4058-a1af-4c2d276ba00a.m4a/fragment-479-a1-x3.m4s", "duration": 10.0}, {"url": "https://audio7.mixcloud.com/secure/dash2/0/8/1/f/2d84-9d1c-4058-a1af-4c2d276ba00a.m4a/fragment-480-a1-x3.m4s", "duration": 10.0}, {"url": "https://audio7.mixcloud.com/secure/dash2/0/8/1/f/2d84-9d1c-4058-a1af-4c2d276ba00a.m4a/fragment-481-a1-x3.m4s", "duration": 10.0}, {"url": "https://audio7.mixcloud.com/secure/dash2/0/8/1/f/2d84-9d1c-4058-a1af-4c2d276ba00a.m4a/fragment-482-a1-x3.m4s", "duration": 10.0}, {"url": "https://audio7.mixcloud.com/secure/dash2/0/8/1/f/2d84-9d1c-4058-a1af-4c2d276ba00a.m4a/fragment-483-a1-x3.m4s", "duration": 10.0}, {"url": "https://audio7.mixcloud.com/secure/dash2/0/8/1/f/2d84-9d1c-4058-a1af-4c2d276ba00a.m4a/fragment-484-a1-x3.m4s", "duration": 10.0}, {"url": "https://audio7.mixcloud.com/secure/dash2/0/8/1/f/2d84-9d1c-4058-a1af-4c2d276ba00a.m4a/fragment-485-a1-x3.m4s", "duration": 10.0}, {"url": "https://audio7.mixcloud.com/secure/dash2/0/8/1/f/2d84-9d1c-4058-a1af-4c2d276ba00a.m4a/fragment-486-a1-x3.m4s", "duration": 10.0}, {"url": "https://audio7.mixcloud.com/secure/dash2/0/8/1/f/2d84-9d1c-4058-a1af-4c2d276ba00a.m4a/fragment-487-a1-x3.m4s", "duration": 10.0}, {"url": "https://audio7.mixcloud.com/secure/dash2/0/8/1/f/2d84-9d1c-4058-a1af-4c2d276ba00a.m4a/fragment-488-a1-x3.m4s", "duration": 10.0}, {"url": "https://audio7.mixcloud.com/secure/dash2/0/8/1/f/2d84-9d1c-4058-a1af-4c2d276ba00a.m4a/fragment-489-a1-x3.m4s", "duration": 10.0}, {"url": "https://audio7.mixcloud.com/secure/dash2/0/8/1/f/2d84-9d1c-4058-a1af-4c2d276ba00a.m4a/fragment-490-a1-x3.m4s", "duration": 10.0}, {"url": "https://audio7.mixcloud.com/secure/dash2/0/8/1/f/2d84-9d1c-4058-a1af-4c2d276ba00a.m4a/fragment-491-a1-x3.m4s", "duration": 10.0}, {"url": "https://audio7.mixcloud.com/secure/dash2/0/8/1/f/2d84-9d1c-4058-a1af-4c2d276ba00a.m4a/fragment-492-a1-x3.m4s", "duration": 10.0}, {"url": "https://audio7.mixcloud.com/secure/dash2/0/8/1/f/2d84-9d1c-4058-a1af-4c2d276ba00a.m4a/fragment-493-a1-x3.m4s", "duration": 10.0}, {"url": "https://audio7.mixcloud.com/secure/dash2/0/8/1/f/2d84-9d1c-4058-a1af-4c2d276ba00a.m4a/fragment-494-a1-x3.m4s", "duration": 10.0}, {"url": "https://audio7.mixcloud.com/secure/dash2/0/8/1/f/2d84-9d1c-4058-a1af-4c2d276ba00a.m4a/fragment-495-a1-x3.m4s", "duration": 10.0}, {"url": "https://audio7.mixcloud.com/secure/dash2/0/8/1/f/2d84-9d1c-4058-a1af-4c2d276ba00a.m4a/fragment-496-a1-x3.m4s", "duration": 10.0}, {"url": "https://audio7.mixcloud.com/secure/dash2/0/8/1/f/2d84-9d1c-4058-a1af-4c2d276ba00a.m4a/fragment-497-a1-x3.m4s", "duration": 10.0}, {"url": "https://audio7.mixcloud.com/secure/dash2/0/8/1/f/2d84-9d1c-4058-a1af-4c2d276ba00a.m4a/fragment-498-a1-x3.m4s", "duration": 10.0}, {"url": "https://audio7.mixcloud.com/secure/dash2/0/8/1/f/2d84-9d1c-4058-a1af-4c2d276ba00a.m4a/fragment-499-a1-x3.m4s", "duration": 10.0}, {"url": "https://audio7.mixcloud.com/secure/dash2/0/8/1/f/2d84-9d1c-4058-a1af-4c2d276ba00a.m4a/fragment-500-a1-x3.m4s", "duration": 10.0}, {"url": "https://audio7.mixcloud.com/secure/dash2/0/8/1/f/2d84-9d1c-4058-a1af-4c2d276ba00a.m4a/fragment-501-a1-x3.m4s", "duration": 10.0}, {"url": "https://audio7.mixcloud.com/secure/dash2/0/8/1/f/2d84-9d1c-4058-a1af-4c2d276ba00a.m4a/fragment-502-a1-x3.m4s", "duration": 10.0}, {"url": "https://audio7.mixcloud.com/secure/dash2/0/8/1/f/2d84-9d1c-4058-a1af-4c2d276ba00a.m4a/fragment-503-a1-x3.m4s", "duration": 10.0}, {"url": "https://audio7.mixcloud.com/secure/dash2/0/8/1/f/2d84-9d1c-4058-a1af-4c2d276ba00a.m4a/fragment-504-a1-x3.m4s", "duration": 10.0}, {"url": "https://audio7.mixcloud.com/secure/dash2/0/8/1/f/2d84-9d1c-4058-a1af-4c2d276ba00a.m4a/fragment-505-a1-x3.m4s", "duration": 10.0}, {"url": "https://audio7.mixcloud.com/secure/dash2/0/8/1/f/2d84-9d1c-4058-a1af-4c2d276ba00a.m4a/fragment-506-a1-x3.m4s", "duration": 10.0}, {"url": "https://audio7.mixcloud.com/secure/dash2/0/8/1/f/2d84-9d1c-4058-a1af-4c2d276ba00a.m4a/fragment-507-a1-x3.m4s", "duration": 10.0}, {"url": "https://audio7.mixcloud.com/secure/dash2/0/8/1/f/2d84-9d1c-4058-a1af-4c2d276ba00a.m4a/fragment-508-a1-x3.m4s", "duration": 10.0}, {"url": "https://audio7.mixcloud.com/secure/dash2/0/8/1/f/2d84-9d1c-4058-a1af-4c2d276ba00a.m4a/fragment-509-a1-x3.m4s", "duration": 10.0}, {"url": "https://audio7.mixcloud.com/secure/dash2/0/8/1/f/2d84-9d1c-4058-a1af-4c2d276ba00a.m4a/fragment-510-a1-x3.m4s", "duration": 10.0}, {"url": "https://audio7.mixcloud.com/secure/dash2/0/8/1/f/2d84-9d1c-4058-a1af-4c2d276ba00a.m4a/fragment-511-a1-x3.m4s", "duration": 10.0}, {"url": "https://audio7.mixcloud.com/secure/dash2/0/8/1/f/2d84-9d1c-4058-a1af-4c2d276ba00a.m4a/fragment-512-a1-x3.m4s", "duration": 10.0}, {"url": "https://audio7.mixcloud.com/secure/dash2/0/8/1/f/2d84-9d1c-4058-a1af-4c2d276ba00a.m4a/fragment-513-a1-x3.m4s", "duration": 10.0}, {"url": "https://audio7.mixcloud.com/secure/dash2/0/8/1/f/2d84-9d1c-4058-a1af-4c2d276ba00a.m4a/fragment-514-a1-x3.m4s", "duration": 10.0}, {"url": "https://audio7.mixcloud.com/secure/dash2/0/8/1/f/2d84-9d1c-4058-a1af-4c2d276ba00a.m4a/fragment-515-a1-x3.m4s", "duration": 10.0}, {"url": "https://audio7.mixcloud.com/secure/dash2/0/8/1/f/2d84-9d1c-4058-a1af-4c2d276ba00a.m4a/fragment-516-a1-x3.m4s", "duration": 10.0}, {"url": "https://audio7.mixcloud.com/secure/dash2/0/8/1/f/2d84-9d1c-4058-a1af-4c2d276ba00a.m4a/fragment-517-a1-x3.m4s", "duration": 10.0}, {"url": "https://audio7.mixcloud.com/secure/dash2/0/8/1/f/2d84-9d1c-4058-a1af-4c2d276ba00a.m4a/fragment-518-a1-x3.m4s", "duration": 10.0}, {"url": "https://audio7.mixcloud.com/secure/dash2/0/8/1/f/2d84-9d1c-4058-a1af-4c2d276ba00a.m4a/fragment-519-a1-x3.m4s", "duration": 10.0}, {"url": "https://audio7.mixcloud.com/secure/dash2/0/8/1/f/2d84-9d1c-4058-a1af-4c2d276ba00a.m4a/fragment-520-a1-x3.m4s", "duration": 10.0}, {"url": "https://audio7.mixcloud.com/secure/dash2/0/8/1/f/2d84-9d1c-4058-a1af-4c2d276ba00a.m4a/fragment-521-a1-x3.m4s", "duration": 10.0}, {"url": "https://audio7.mixcloud.com/secure/dash2/0/8/1/f/2d84-9d1c-4058-a1af-4c2d276ba00a.m4a/fragment-522-a1-x3.m4s", "duration": 10.0}, {"url": "https://audio7.mixcloud.com/secure/dash2/0/8/1/f/2d84-9d1c-4058-a1af-4c2d276ba00a.m4a/fragment-523-a1-x3.m4s", "duration": 10.0}, {"url": "https://audio7.mixcloud.com/secure/dash2/0/8/1/f/2d84-9d1c-4058-a1af-4c2d276ba00a.m4a/fragment-524-a1-x3.m4s", "duration": 10.0}, {"url": "https://audio7.mixcloud.com/secure/dash2/0/8/1/f/2d84-9d1c-4058-a1af-4c2d276ba00a.m4a/fragment-525-a1-x3.m4s", "duration": 10.0}, {"url": "https://audio7.mixcloud.com/secure/dash2/0/8/1/f/2d84-9d1c-4058-a1af-4c2d276ba00a.m4a/fragment-526-a1-x3.m4s", "duration": 10.0}, {"url": "https://audio7.mixcloud.com/secure/dash2/0/8/1/f/2d84-9d1c-4058-a1af-4c2d276ba00a.m4a/fragment-527-a1-x3.m4s", "duration": 10.0}, {"url": "https://audio7.mixcloud.com/secure/dash2/0/8/1/f/2d84-9d1c-4058-a1af-4c2d276ba00a.m4a/fragment-528-a1-x3.m4s", "duration": 10.0}, {"url": "https://audio7.mixcloud.com/secure/dash2/0/8/1/f/2d84-9d1c-4058-a1af-4c2d276ba00a.m4a/fragment-529-a1-x3.m4s", "duration": 10.0}, {"url": "https://audio7.mixcloud.com/secure/dash2/0/8/1/f/2d84-9d1c-4058-a1af-4c2d276ba00a.m4a/fragment-530-a1-x3.m4s", "duration": 10.0}, {"url": "https://audio7.mixcloud.com/secure/dash2/0/8/1/f/2d84-9d1c-4058-a1af-4c2d276ba00a.m4a/fragment-531-a1-x3.m4s", "duration": 10.0}, {"url": "https://audio7.mixcloud.com/secure/dash2/0/8/1/f/2d84-9d1c-4058-a1af-4c2d276ba00a.m4a/fragment-532-a1-x3.m4s", "duration": 10.0}, {"url": "https://audio7.mixcloud.com/secure/dash2/0/8/1/f/2d84-9d1c-4058-a1af-4c2d276ba00a.m4a/fragment-533-a1-x3.m4s", "duration": 10.0}, {"url": "https://audio7.mixcloud.com/secure/dash2/0/8/1/f/2d84-9d1c-4058-a1af-4c2d276ba00a.m4a/fragment-534-a1-x3.m4s", "duration": 10.0}, {"url": "https://audio7.mixcloud.com/secure/dash2/0/8/1/f/2d84-9d1c-4058-a1af-4c2d276ba00a.m4a/fragment-535-a1-x3.m4s", "duration": 10.0}, {"url": "https://audio7.mixcloud.com/secure/dash2/0/8/1/f/2d84-9d1c-4058-a1af-4c2d276ba00a.m4a/fragment-536-a1-x3.m4s", "duration": 10.0}, {"url": "https://audio7.mixcloud.com/secure/dash2/0/8/1/f/2d84-9d1c-4058-a1af-4c2d276ba00a.m4a/fragment-537-a1-x3.m4s", "duration": 10.0}, {"url": "https://audio7.mixcloud.com/secure/dash2/0/8/1/f/2d84-9d1c-4058-a1af-4c2d276ba00a.m4a/fragment-538-a1-x3.m4s", "duration": 10.0}, {"url": "https://audio7.mixcloud.com/secure/dash2/0/8/1/f/2d84-9d1c-4058-a1af-4c2d276ba00a.m4a/fragment-539-a1-x3.m4s", "duration": 10.0}, {"url": "https://audio7.mixcloud.com/secure/dash2/0/8/1/f/2d84-9d1c-4058-a1af-4c2d276ba00a.m4a/fragment-540-a1-x3.m4s", "duration": 10.0}, {"url": "https://audio7.mixcloud.com/secure/dash2/0/8/1/f/2d84-9d1c-4058-a1af-4c2d276ba00a.m4a/fragment-541-a1-x3.m4s", "duration": 10.0}, {"url": "https://audio7.mixcloud.com/secure/dash2/0/8/1/f/2d84-9d1c-4058-a1af-4c2d276ba00a.m4a/fragment-542-a1-x3.m4s", "duration": 10.0}, {"url": "https://audio7.mixcloud.com/secure/dash2/0/8/1/f/2d84-9d1c-4058-a1af-4c2d276ba00a.m4a/fragment-543-a1-x3.m4s", "duration": 10.0}, {"url": "https://audio7.mixcloud.com/secure/dash2/0/8/1/f/2d84-9d1c-4058-a1af-4c2d276ba00a.m4a/fragment-544-a1-x3.m4s", "duration": 10.0}, {"url": "https://audio7.mixcloud.com/secure/dash2/0/8/1/f/2d84-9d1c-4058-a1af-4c2d276ba00a.m4a/fragment-545-a1-x3.m4s", "duration": 10.0}, {"url": "https://audio7.mixcloud.com/secure/dash2/0/8/1/f/2d84-9d1c-4058-a1af-4c2d276ba00a.m4a/fragment-546-a1-x3.m4s", "duration": 10.0}, {"url": "https://audio7.mixcloud.com/secure/dash2/0/8/1/f/2d84-9d1c-4058-a1af-4c2d276ba00a.m4a/fragment-547-a1-x3.m4s", "duration": 10.0}, {"url": "https://audio7.mixcloud.com/secure/dash2/0/8/1/f/2d84-9d1c-4058-a1af-4c2d276ba00a.m4a/fragment-548-a1-x3.m4s", "duration": 10.0}, {"url": "https://audio7.mixcloud.com/secure/dash2/0/8/1/f/2d84-9d1c-4058-a1af-4c2d276ba00a.m4a/fragment-549-a1-x3.m4s", "duration": 10.0}, {"url": "https://audio7.mixcloud.com/secure/dash2/0/8/1/f/2d84-9d1c-4058-a1af-4c2d276ba00a.m4a/fragment-550-a1-x3.m4s", "duration": 10.0}, {"url": "https://audio7.mixcloud.com/secure/dash2/0/8/1/f/2d84-9d1c-4058-a1af-4c2d276ba00a.m4a/fragment-551-a1-x3.m4s", "duration": 10.0}, {"url": "https://audio7.mixcloud.com/secure/dash2/0/8/1/f/2d84-9d1c-4058-a1af-4c2d276ba00a.m4a/fragment-552-a1-x3.m4s", "duration": 10.0}, {"url": "https://audio7.mixcloud.com/secure/dash2/0/8/1/f/2d84-9d1c-4058-a1af-4c2d276ba00a.m4a/fragment-553-a1-x3.m4s", "duration": 10.0}, {"url": "https://audio7.mixcloud.com/secure/dash2/0/8/1/f/2d84-9d1c-4058-a1af-4c2d276ba00a.m4a/fragment-554-a1-x3.m4s", "duration": 10.0}, {"url": "https://audio7.mixcloud.com/secure/dash2/0/8/1/f/2d84-9d1c-4058-a1af-4c2d276ba00a.m4a/fragment-555-a1-x3.m4s", "duration": 10.0}, {"url": "https://audio7.mixcloud.com/secure/dash2/0/8/1/f/2d84-9d1c-4058-a1af-4c2d276ba00a.m4a/fragment-556-a1-x3.m4s", "duration": 10.0}, {"url": "https://audio7.mixcloud.com/secure/dash2/0/8/1/f/2d84-9d1c-4058-a1af-4c2d276ba00a.m4a/fragment-557-a1-x3.m4s", "duration": 10.0}, {"url": "https://audio7.mixcloud.com/secure/dash2/0/8/1/f/2d84-9d1c-4058-a1af-4c2d276ba00a.m4a/fragment-558-a1-x3.m4s", "duration": 10.0}, {"url": "https://audio7.mixcloud.com/secure/dash2/0/8/1/f/2d84-9d1c-4058-a1af-4c2d276ba00a.m4a/fragment-559-a1-x3.m4s", "duration": 10.0}, {"url": "https://audio7.mixcloud.com/secure/dash2/0/8/1/f/2d84-9d1c-4058-a1af-4c2d276ba00a.m4a/fragment-560-a1-x3.m4s", "duration": 10.0}, {"url": "https://audio7.mixcloud.com/secure/dash2/0/8/1/f/2d84-9d1c-4058-a1af-4c2d276ba00a.m4a/fragment-561-a1-x3.m4s", "duration": 10.0}, {"url": "https://audio7.mixcloud.com/secure/dash2/0/8/1/f/2d84-9d1c-4058-a1af-4c2d276ba00a.m4a/fragment-562-a1-x3.m4s", "duration": 10.0}, {"url": "https://audio7.mixcloud.com/secure/dash2/0/8/1/f/2d84-9d1c-4058-a1af-4c2d276ba00a.m4a/fragment-563-a1-x3.m4s", "duration": 10.0}, {"url": "https://audio7.mixcloud.com/secure/dash2/0/8/1/f/2d84-9d1c-4058-a1af-4c2d276ba00a.m4a/fragment-564-a1-x3.m4s", "duration": 10.0}, {"url": "https://audio7.mixcloud.com/secure/dash2/0/8/1/f/2d84-9d1c-4058-a1af-4c2d276ba00a.m4a/fragment-565-a1-x3.m4s", "duration": 10.0}, {"url": "https://audio7.mixcloud.com/secure/dash2/0/8/1/f/2d84-9d1c-4058-a1af-4c2d276ba00a.m4a/fragment-566-a1-x3.m4s", "duration": 10.0}, {"url": "https://audio7.mixcloud.com/secure/dash2/0/8/1/f/2d84-9d1c-4058-a1af-4c2d276ba00a.m4a/fragment-567-a1-x3.m4s", "duration": 10.0}, {"url": "https://audio7.mixcloud.com/secure/dash2/0/8/1/f/2d84-9d1c-4058-a1af-4c2d276ba00a.m4a/fragment-568-a1-x3.m4s", "duration": 10.0}, {"url": "https://audio7.mixcloud.com/secure/dash2/0/8/1/f/2d84-9d1c-4058-a1af-4c2d276ba00a.m4a/fragment-569-a1-x3.m4s", "duration": 10.0}, {"url": "https://audio7.mixcloud.com/secure/dash2/0/8/1/f/2d84-9d1c-4058-a1af-4c2d276ba00a.m4a/fragment-570-a1-x3.m4s", "duration": 10.0}, {"url": "https://audio7.mixcloud.com/secure/dash2/0/8/1/f/2d84-9d1c-4058-a1af-4c2d276ba00a.m4a/fragment-571-a1-x3.m4s", "duration": 10.0}, {"url": "https://audio7.mixcloud.com/secure/dash2/0/8/1/f/2d84-9d1c-4058-a1af-4c2d276ba00a.m4a/fragment-572-a1-x3.m4s", "duration": 10.0}, {"url": "https://audio7.mixcloud.com/secure/dash2/0/8/1/f/2d84-9d1c-4058-a1af-4c2d276ba00a.m4a/fragment-573-a1-x3.m4s", "duration": 10.0}, {"url": "https://audio7.mixcloud.com/secure/dash2/0/8/1/f/2d84-9d1c-4058-a1af-4c2d276ba00a.m4a/fragment-574-a1-x3.m4s", "duration": 10.0}, {"url": "https://audio7.mixcloud.com/secure/dash2/0/8/1/f/2d84-9d1c-4058-a1af-4c2d276ba00a.m4a/fragment-575-a1-x3.m4s", "duration": 10.0}, {"url": "https://audio7.mixcloud.com/secure/dash2/0/8/1/f/2d84-9d1c-4058-a1af-4c2d276ba00a.m4a/fragment-576-a1-x3.m4s", "duration": 10.0}, {"url": "https://audio7.mixcloud.com/secure/dash2/0/8/1/f/2d84-9d1c-4058-a1af-4c2d276ba00a.m4a/fragment-577-a1-x3.m4s", "duration": 10.0}, {"url": "https://audio7.mixcloud.com/secure/dash2/0/8/1/f/2d84-9d1c-4058-a1af-4c2d276ba00a.m4a/fragment-578-a1-x3.m4s", "duration": 10.0}, {"url": "https://audio7.mixcloud.com/secure/dash2/0/8/1/f/2d84-9d1c-4058-a1af-4c2d276ba00a.m4a/fragment-579-a1-x3.m4s", "duration": 10.0}, {"url": "https://audio7.mixcloud.com/secure/dash2/0/8/1/f/2d84-9d1c-4058-a1af-4c2d276ba00a.m4a/fragment-580-a1-x3.m4s", "duration": 10.0}, {"url": "https://audio7.mixcloud.com/secure/dash2/0/8/1/f/2d84-9d1c-4058-a1af-4c2d276ba00a.m4a/fragment-581-a1-x3.m4s", "duration": 10.0}, {"url": "https://audio7.mixcloud.com/secure/dash2/0/8/1/f/2d84-9d1c-4058-a1af-4c2d276ba00a.m4a/fragment-582-a1-x3.m4s", "duration": 10.0}, {"url": "https://audio7.mixcloud.com/secure/dash2/0/8/1/f/2d84-9d1c-4058-a1af-4c2d276ba00a.m4a/fragment-583-a1-x3.m4s", "duration": 10.0}, {"url": "https://audio7.mixcloud.com/secure/dash2/0/8/1/f/2d84-9d1c-4058-a1af-4c2d276ba00a.m4a/fragment-584-a1-x3.m4s", "duration": 10.0}, {"url": "https://audio7.mixcloud.com/secure/dash2/0/8/1/f/2d84-9d1c-4058-a1af-4c2d276ba00a.m4a/fragment-585-a1-x3.m4s", "duration": 10.0}, {"url": "https://audio7.mixcloud.com/secure/dash2/0/8/1/f/2d84-9d1c-4058-a1af-4c2d276ba00a.m4a/fragment-586-a1-x3.m4s", "duration": 10.0}, {"url": "https://audio7.mixcloud.com/secure/dash2/0/8/1/f/2d84-9d1c-4058-a1af-4c2d276ba00a.m4a/fragment-587-a1-x3.m4s", "duration": 10.0}, {"url": "https://audio7.mixcloud.com/secure/dash2/0/8/1/f/2d84-9d1c-4058-a1af-4c2d276ba00a.m4a/fragment-588-a1-x3.m4s", "duration": 10.0}, {"url": "https://audio7.mixcloud.com/secure/dash2/0/8/1/f/2d84-9d1c-4058-a1af-4c2d276ba00a.m4a/fragment-589-a1-x3.m4s", "duration": 10.0}, {"url": "https://audio7.mixcloud.com/secure/dash2/0/8/1/f/2d84-9d1c-4058-a1af-4c2d276ba00a.m4a/fragment-590-a1-x3.m4s", "duration": 10.0}, {"url": "https://audio7.mixcloud.com/secure/dash2/0/8/1/f/2d84-9d1c-4058-a1af-4c2d276ba00a.m4a/fragment-591-a1-x3.m4s", "duration": 10.0}, {"url": "https://audio7.mixcloud.com/secure/dash2/0/8/1/f/2d84-9d1c-4058-a1af-4c2d276ba00a.m4a/fragment-592-a1-x3.m4s", "duration": 10.0}, {"url": "https://audio7.mixcloud.com/secure/dash2/0/8/1/f/2d84-9d1c-4058-a1af-4c2d276ba00a.m4a/fragment-593-a1-x3.m4s", "duration": 10.0}, {"url": "https://audio7.mixcloud.com/secure/dash2/0/8/1/f/2d84-9d1c-4058-a1af-4c2d276ba00a.m4a/fragment-594-a1-x3.m4s", "duration": 10.0}, {"url": "https://audio7.mixcloud.com/secure/dash2/0/8/1/f/2d84-9d1c-4058-a1af-4c2d276ba00a.m4a/fragment-595-a1-x3.m4s", "duration": 10.0}, {"url": "https://audio7.mixcloud.com/secure/dash2/0/8/1/f/2d84-9d1c-4058-a1af-4c2d276ba00a.m4a/fragment-596-a1-x3.m4s", "duration": 10.0}, {"url": "https://audio7.mixcloud.com/secure/dash2/0/8/1/f/2d84-9d1c-4058-a1af-4c2d276ba00a.m4a/fragment-597-a1-x3.m4s", "duration": 10.0}, {"url": "https://audio7.mixcloud.com/secure/dash2/0/8/1/f/2d84-9d1c-4058-a1af-4c2d276ba00a.m4a/fragment-598-a1-x3.m4s", "duration": 10.0}, {"url": "https://audio7.mixcloud.com/secure/dash2/0/8/1/f/2d84-9d1c-4058-a1af-4c2d276ba00a.m4a/fragment-599-a1-x3.m4s", "duration": 10.0}, {"url": "https://audio7.mixcloud.com/secure/dash2/0/8/1/f/2d84-9d1c-4058-a1af-4c2d276ba00a.m4a/fragment-600-a1-x3.m4s", "duration": 10.0}, {"url": "https://audio7.mixcloud.com/secure/dash2/0/8/1/f/2d84-9d1c-4058-a1af-4c2d276ba00a.m4a/fragment-601-a1-x3.m4s", "duration": 10.0}, {"url": "https://audio7.mixcloud.com/secure/dash2/0/8/1/f/2d84-9d1c-4058-a1af-4c2d276ba00a.m4a/fragment-602-a1-x3.m4s", "duration": 10.0}, {"url": "https://audio7.mixcloud.com/secure/dash2/0/8/1/f/2d84-9d1c-4058-a1af-4c2d276ba00a.m4a/fragment-603-a1-x3.m4s", "duration": 10.0}, {"url": "https://audio7.mixcloud.com/secure/dash2/0/8/1/f/2d84-9d1c-4058-a1af-4c2d276ba00a.m4a/fragment-604-a1-x3.m4s", "duration": 10.0}, {"url": "https://audio7.mixcloud.com/secure/dash2/0/8/1/f/2d84-9d1c-4058-a1af-4c2d276ba00a.m4a/fragment-605-a1-x3.m4s", "duration": 10.0}, {"url": "https://audio7.mixcloud.com/secure/dash2/0/8/1/f/2d84-9d1c-4058-a1af-4c2d276ba00a.m4a/fragment-606-a1-x3.m4s", "duration": 10.0}, {"url": "https://audio7.mixcloud.com/secure/dash2/0/8/1/f/2d84-9d1c-4058-a1af-4c2d276ba00a.m4a/fragment-607-a1-x3.m4s", "duration": 10.0}, {"url": "https://audio7.mixcloud.com/secure/dash2/0/8/1/f/2d84-9d1c-4058-a1af-4c2d276ba00a.m4a/fragment-608-a1-x3.m4s", "duration": 10.0}, {"url": "https://audio7.mixcloud.com/secure/dash2/0/8/1/f/2d84-9d1c-4058-a1af-4c2d276ba00a.m4a/fragment-609-a1-x3.m4s", "duration": 10.0}, {"url": "https://audio7.mixcloud.com/secure/dash2/0/8/1/f/2d84-9d1c-4058-a1af-4c2d276ba00a.m4a/fragment-610-a1-x3.m4s", "duration": 10.0}, {"url": "https://audio7.mixcloud.com/secure/dash2/0/8/1/f/2d84-9d1c-4058-a1af-4c2d276ba00a.m4a/fragment-611-a1-x3.m4s", "duration": 10.0}, {"url": "https://audio7.mixcloud.com/secure/dash2/0/8/1/f/2d84-9d1c-4058-a1af-4c2d276ba00a.m4a/fragment-612-a1-x3.m4s", "duration": 10.0}, {"url": "https://audio7.mixcloud.com/secure/dash2/0/8/1/f/2d84-9d1c-4058-a1af-4c2d276ba00a.m4a/fragment-613-a1-x3.m4s", "duration": 10.0}, {"url": "https://audio7.mixcloud.com/secure/dash2/0/8/1/f/2d84-9d1c-4058-a1af-4c2d276ba00a.m4a/fragment-614-a1-x3.m4s", "duration": 10.0}, {"url": "https://audio7.mixcloud.com/secure/dash2/0/8/1/f/2d84-9d1c-4058-a1af-4c2d276ba00a.m4a/fragment-615-a1-x3.m4s", "duration": 10.0}, {"url": "https://audio7.mixcloud.com/secure/dash2/0/8/1/f/2d84-9d1c-4058-a1af-4c2d276ba00a.m4a/fragment-616-a1-x3.m4s", "duration": 10.0}, {"url": "https://audio7.mixcloud.com/secure/dash2/0/8/1/f/2d84-9d1c-4058-a1af-4c2d276ba00a.m4a/fragment-617-a1-x3.m4s", "duration": 10.0}, {"url": "https://audio7.mixcloud.com/secure/dash2/0/8/1/f/2d84-9d1c-4058-a1af-4c2d276ba00a.m4a/fragment-618-a1-x3.m4s", "duration": 10.0}, {"url": "https://audio7.mixcloud.com/secure/dash2/0/8/1/f/2d84-9d1c-4058-a1af-4c2d276ba00a.m4a/fragment-619-a1-x3.m4s", "duration": 10.0}, {"url": "https://audio7.mixcloud.com/secure/dash2/0/8/1/f/2d84-9d1c-4058-a1af-4c2d276ba00a.m4a/fragment-620-a1-x3.m4s", "duration": 10.0}, {"url": "https://audio7.mixcloud.com/secure/dash2/0/8/1/f/2d84-9d1c-4058-a1af-4c2d276ba00a.m4a/fragment-621-a1-x3.m4s", "duration": 10.0}, {"url": "https://audio7.mixcloud.com/secure/dash2/0/8/1/f/2d84-9d1c-4058-a1af-4c2d276ba00a.m4a/fragment-622-a1-x3.m4s", "duration": 10.0}, {"url": "https://audio7.mixcloud.com/secure/dash2/0/8/1/f/2d84-9d1c-4058-a1af-4c2d276ba00a.m4a/fragment-623-a1-x3.m4s", "duration": 10.0}, {"url": "https://audio7.mixcloud.com/secure/dash2/0/8/1/f/2d84-9d1c-4058-a1af-4c2d276ba00a.m4a/fragment-624-a1-x3.m4s", "duration": 10.0}, {"url": "https://audio7.mixcloud.com/secure/dash2/0/8/1/f/2d84-9d1c-4058-a1af-4c2d276ba00a.m4a/fragment-625-a1-x3.m4s", "duration": 10.0}, {"url": "https://audio7.mixcloud.com/secure/dash2/0/8/1/f/2d84-9d1c-4058-a1af-4c2d276ba00a.m4a/fragment-626-a1-x3.m4s", "duration": 10.0}, {"url": "https://audio7.mixcloud.com/secure/dash2/0/8/1/f/2d84-9d1c-4058-a1af-4c2d276ba00a.m4a/fragment-627-a1-x3.m4s", "duration": 10.0}, {"url": "https://audio7.mixcloud.com/secure/dash2/0/8/1/f/2d84-9d1c-4058-a1af-4c2d276ba00a.m4a/fragment-628-a1-x3.m4s", "duration": 10.0}, {"url": "https://audio7.mixcloud.com/secure/dash2/0/8/1/f/2d84-9d1c-4058-a1af-4c2d276ba00a.m4a/fragment-629-a1-x3.m4s", "duration": 10.0}, {"url": "https://audio7.mixcloud.com/secure/dash2/0/8/1/f/2d84-9d1c-4058-a1af-4c2d276ba00a.m4a/fragment-630-a1-x3.m4s", "duration": 10.0}, {"url": "https://audio7.mixcloud.com/secure/dash2/0/8/1/f/2d84-9d1c-4058-a1af-4c2d276ba00a.m4a/fragment-631-a1-x3.m4s", "duration": 10.0}, {"url": "https://audio7.mixcloud.com/secure/dash2/0/8/1/f/2d84-9d1c-4058-a1af-4c2d276ba00a.m4a/fragment-632-a1-x3.m4s", "duration": 10.0}, {"url": "https://audio7.mixcloud.com/secure/dash2/0/8/1/f/2d84-9d1c-4058-a1af-4c2d276ba00a.m4a/fragment-633-a1-x3.m4s", "duration": 10.0}, {"url": "https://audio7.mixcloud.com/secure/dash2/0/8/1/f/2d84-9d1c-4058-a1af-4c2d276ba00a.m4a/fragment-634-a1-x3.m4s", "duration": 10.0}, {"url": "https://audio7.mixcloud.com/secure/dash2/0/8/1/f/2d84-9d1c-4058-a1af-4c2d276ba00a.m4a/fragment-635-a1-x3.m4s", "duration": 10.0}, {"url": "https://audio7.mixcloud.com/secure/dash2/0/8/1/f/2d84-9d1c-4058-a1af-4c2d276ba00a.m4a/fragment-636-a1-x3.m4s", "duration": 10.0}, {"url": "https://audio7.mixcloud.com/secure/dash2/0/8/1/f/2d84-9d1c-4058-a1af-4c2d276ba00a.m4a/fragment-637-a1-x3.m4s", "duration": 10.0}, {"url": "https://audio7.mixcloud.com/secure/dash2/0/8/1/f/2d84-9d1c-4058-a1af-4c2d276ba00a.m4a/fragment-638-a1-x3.m4s", "duration": 10.0}, {"url": "https://audio7.mixcloud.com/secure/dash2/0/8/1/f/2d84-9d1c-4058-a1af-4c2d276ba00a.m4a/fragment-639-a1-x3.m4s", "duration": 10.0}, {"url": "https://audio7.mixcloud.com/secure/dash2/0/8/1/f/2d84-9d1c-4058-a1af-4c2d276ba00a.m4a/fragment-640-a1-x3.m4s", "duration": 10.0}, {"url": "https://audio7.mixcloud.com/secure/dash2/0/8/1/f/2d84-9d1c-4058-a1af-4c2d276ba00a.m4a/fragment-641-a1-x3.m4s", "duration": 10.0}, {"url": "https://audio7.mixcloud.com/secure/dash2/0/8/1/f/2d84-9d1c-4058-a1af-4c2d276ba00a.m4a/fragment-642-a1-x3.m4s", "duration": 10.0}, {"url": "https://audio7.mixcloud.com/secure/dash2/0/8/1/f/2d84-9d1c-4058-a1af-4c2d276ba00a.m4a/fragment-643-a1-x3.m4s", "duration": 10.0}, {"url": "https://audio7.mixcloud.com/secure/dash2/0/8/1/f/2d84-9d1c-4058-a1af-4c2d276ba00a.m4a/fragment-644-a1-x3.m4s", "duration": 10.0}, {"url": "https://audio7.mixcloud.com/secure/dash2/0/8/1/f/2d84-9d1c-4058-a1af-4c2d276ba00a.m4a/fragment-645-a1-x3.m4s", "duration": 10.0}, {"url": "https://audio7.mixcloud.com/secure/dash2/0/8/1/f/2d84-9d1c-4058-a1af-4c2d276ba00a.m4a/fragment-646-a1-x3.m4s", "duration": 10.0}, {"url": "https://audio7.mixcloud.com/secure/dash2/0/8/1/f/2d84-9d1c-4058-a1af-4c2d276ba00a.m4a/fragment-647-a1-x3.m4s", "duration": 10.0}, {"url": "https://audio7.mixcloud.com/secure/dash2/0/8/1/f/2d84-9d1c-4058-a1af-4c2d276ba00a.m4a/fragment-648-a1-x3.m4s", "duration": 10.0}, {"url": "https://audio7.mixcloud.com/secure/dash2/0/8/1/f/2d84-9d1c-4058-a1af-4c2d276ba00a.m4a/fragment-649-a1-x3.m4s", "duration": 10.0}, {"url": "https://audio7.mixcloud.com/secure/dash2/0/8/1/f/2d84-9d1c-4058-a1af-4c2d276ba00a.m4a/fragment-650-a1-x3.m4s", "duration": 10.0}, {"url": "https://audio7.mixcloud.com/secure/dash2/0/8/1/f/2d84-9d1c-4058-a1af-4c2d276ba00a.m4a/fragment-651-a1-x3.m4s", "duration": 10.0}, {"url": "https://audio7.mixcloud.com/secure/dash2/0/8/1/f/2d84-9d1c-4058-a1af-4c2d276ba00a.m4a/fragment-652-a1-x3.m4s", "duration": 10.0}, {"url": "https://audio7.mixcloud.com/secure/dash2/0/8/1/f/2d84-9d1c-4058-a1af-4c2d276ba00a.m4a/fragment-653-a1-x3.m4s", "duration": 10.0}, {"url": "https://audio7.mixcloud.com/secure/dash2/0/8/1/f/2d84-9d1c-4058-a1af-4c2d276ba00a.m4a/fragment-654-a1-x3.m4s", "duration": 10.0}, {"url": "https://audio7.mixcloud.com/secure/dash2/0/8/1/f/2d84-9d1c-4058-a1af-4c2d276ba00a.m4a/fragment-655-a1-x3.m4s", "duration": 10.0}, {"url": "https://audio7.mixcloud.com/secure/dash2/0/8/1/f/2d84-9d1c-4058-a1af-4c2d276ba00a.m4a/fragment-656-a1-x3.m4s", "duration": 10.0}, {"url": "https://audio7.mixcloud.com/secure/dash2/0/8/1/f/2d84-9d1c-4058-a1af-4c2d276ba00a.m4a/fragment-657-a1-x3.m4s", "duration": 10.0}, {"url": "https://audio7.mixcloud.com/secure/dash2/0/8/1/f/2d84-9d1c-4058-a1af-4c2d276ba00a.m4a/fragment-658-a1-x3.m4s", "duration": 10.0}, {"url": "https://audio7.mixcloud.com/secure/dash2/0/8/1/f/2d84-9d1c-4058-a1af-4c2d276ba00a.m4a/fragment-659-a1-x3.m4s", "duration": 10.0}, {"url": "https://audio7.mixcloud.com/secure/dash2/0/8/1/f/2d84-9d1c-4058-a1af-4c2d276ba00a.m4a/fragment-660-a1-x3.m4s", "duration": 10.0}, {"url": "https://audio7.mixcloud.com/secure/dash2/0/8/1/f/2d84-9d1c-4058-a1af-4c2d276ba00a.m4a/fragment-661-a1-x3.m4s", "duration": 10.0}, {"url": "https://audio7.mixcloud.com/secure/dash2/0/8/1/f/2d84-9d1c-4058-a1af-4c2d276ba00a.m4a/fragment-662-a1-x3.m4s", "duration": 10.0}, {"url": "https://audio7.mixcloud.com/secure/dash2/0/8/1/f/2d84-9d1c-4058-a1af-4c2d276ba00a.m4a/fragment-663-a1-x3.m4s", "duration": 10.0}, {"url": "https://audio7.mixcloud.com/secure/dash2/0/8/1/f/2d84-9d1c-4058-a1af-4c2d276ba00a.m4a/fragment-664-a1-x3.m4s", "duration": 10.0}, {"url": "https://audio7.mixcloud.com/secure/dash2/0/8/1/f/2d84-9d1c-4058-a1af-4c2d276ba00a.m4a/fragment-665-a1-x3.m4s", "duration": 10.0}, {"url": "https://audio7.mixcloud.com/secure/dash2/0/8/1/f/2d84-9d1c-4058-a1af-4c2d276ba00a.m4a/fragment-666-a1-x3.m4s", "duration": 10.0}, {"url": "https://audio7.mixcloud.com/secure/dash2/0/8/1/f/2d84-9d1c-4058-a1af-4c2d276ba00a.m4a/fragment-667-a1-x3.m4s", "duration": 10.0}, {"url": "https://audio7.mixcloud.com/secure/dash2/0/8/1/f/2d84-9d1c-4058-a1af-4c2d276ba00a.m4a/fragment-668-a1-x3.m4s", "duration": 10.0}, {"url": "https://audio7.mixcloud.com/secure/dash2/0/8/1/f/2d84-9d1c-4058-a1af-4c2d276ba00a.m4a/fragment-669-a1-x3.m4s", "duration": 10.0}, {"url": "https://audio7.mixcloud.com/secure/dash2/0/8/1/f/2d84-9d1c-4058-a1af-4c2d276ba00a.m4a/fragment-670-a1-x3.m4s", "duration": 10.0}, {"url": "https://audio7.mixcloud.com/secure/dash2/0/8/1/f/2d84-9d1c-4058-a1af-4c2d276ba00a.m4a/fragment-671-a1-x3.m4s", "duration": 10.0}, {"url": "https://audio7.mixcloud.com/secure/dash2/0/8/1/f/2d84-9d1c-4058-a1af-4c2d276ba00a.m4a/fragment-672-a1-x3.m4s", "duration": 3.168}], "protocol": "http_dash_segments", "format": "dash-a1-x3 - audio only (DASH audio)", "http_headers": {"User-Agent": "Mozilla/5.0 (Windows NT 10.0; Win64; x64) AppleWebKit/537.36 (KHTML, like Gecko) Chrome/69.0.3497.35 Safari/537.36", "Accept-Charset": "ISO-8859-1,utf-8;q=0.7,*;q=0.7", "Accept": "text/html,application/xhtml+xml,application/xml;q=0.9,*/*;q=0.8", "Accept-Encoding": "gzip, deflate", "Accept-Language": "en-us,en;q=0.5", "Cookie": "__cfduid=d3a24a9e5581632c46883b15b9dc2698e1619312504; csrftoken=rVGgZOT0MzK5Mvce7Zie36A4VwmhOgYjrWNdBUBqyX3Xx6tz1x4ECotkqWwkJU9Z; c=ggqb986bjc7mdsng2lbrl0tmfhc80442; mx_t=e382b69f-e928-460c-a654-ce56933d9822"}}, {"format_id": "http", "url": "https://stream7.mixcloud.com/secure/c/m4a/64/0/8/1/f/2d84-9d1c-4058-a1af-4c2d276ba00a.m4a?sig=ZcMhXAAI3mBroiuTwBxGyA", "downloader_options": {"http_chunk_size": 5242880}, "ext": "m4a", "format": "http - unknown", "protocol": "https", "http_headers": {"User-Agent": "Mozilla/5.0 (Windows NT 10.0; Win64; x64) AppleWebKit/537.36 (KHTML, like Gecko) Chrome/69.0.3497.35 Safari/537.36", "Accept-Charset": "ISO-8859-1,utf-8;q=0.7,*;q=0.7", "Accept": "text/html,application/xhtml+xml,application/xml;q=0.9,*/*;q=0.8", "Accept-Encoding": "gzip, deflate", "Accept-Language": "en-us,en;q=0.5", "Cookie": "__cfduid=d3a24a9e5581632c46883b15b9dc2698e1619312504; csrftoken=rVGgZOT0MzK5Mvce7Zie36A4VwmhOgYjrWNdBUBqyX3Xx6tz1x4ECotkqWwkJU9Z; c=ggqb986bjc7mdsng2lbrl0tmfhc80442; mx_t=e382b69f-e928-460c-a654-ce56933d9822"}}], "description": "Just A Blip / Saturday 28.09.19 / 13.00 - 15.00\n\nTrax:\nBoys of Summer - Hail Sagan\nCaptain Ganja and the Space Patrol - The Breathtaking Blast\nGrauzone - Film2\nChris & Cosey - Re-education Through Labour\nJapan Blues - Yakuza No Uta\nWolfgang Voigt - R\u00fcckverzauberung 6\nUmeko Ando - Iuta Upopo\nYu Su - Watermelon Woman\nJaylib - Raw Shit\nJoe - Thinkin' About \nI:Cube - Hnt \nQ - Voice of Q (12\" Mix)\nFrancis Bebey - Coffee Cola (Young Marco Mix)\nTamburi Neri - Pechino\n808 State - Flow Coma\nBarry Lynn - Saol Nua\nJules Venturini - Flying Kites\nLoft - That Hyde Trakk\nThe Bug - Run The Place Red (AFX Mix)\nFleetwood Mac - Albatross\nShriekback - All Lined Up\n\nListen live here: https://listen.dublindigitalradio.com/\nIf you like what you hear, consider donating: https://listen.dublindigitalradio.com/donate\nJust A Blip archive- yes, that's right here: https://www.mixcloud.com/DublinDigitalRadio/playlists/just-a-blip/", "thumbnail": "https://thumbnailer.mixcloud.com/unsafe/1024x1024/extaudio/8/5/3/f/14df-0e73-459d-9531-bfd9f8fbb3a7", "uploader": "DublinDigitalRadio", "timestamp": 1569829500, "uploader_id": "DublinDigitalRadio", "uploader_url": "https://www.mixcloud.com/DublinDigitalRadio/", "duration": 6713, "view_count": 75, "like_count": 4, "repost_count": 1, "comment_count": 0, "comments": [], "tags": [], "artist": "Boys of Summer, Captain Ganja and the Space Patrol, Grauzone, Chris & Cosey, Japan Blues", "extractor": "mixcloud", "webpage_url": "https://www.mixcloud.com/DublinDigitalRadio/just-a-blip-056-ddr-19_0928/", "webpage_url_basename": "just-a-blip-056-ddr-19_0928", "extractor_key": "Mixcloud", "n_entries": 52, "playlist": "Just A Blip", "playlist_id": "DublinDigitalRadio_just-a-blip", "playlist_title": "Just A Blip", "playlist_uploader": null, "playlist_uploader_id": null, "playlist_index": 20, "thumbnails": [{"url": "https://thumbnailer.mixcloud.com/unsafe/1024x1024/extaudio/8/5/3/f/14df-0e73-459d-9531-bfd9f8fbb3a7", "id": "0"}], "display_id": "DublinDigitalRadio_just-a-blip-056-ddr-19_0928", "upload_date": "20190930", "format_id": "http", "url": "https://stream7.mixcloud.com/secure/c/m4a/64/0/8/1/f/2d84-9d1c-4058-a1af-4c2d276ba00a.m4a?sig=ZcMhXAAI3mBroiuTwBxGyA", "downloader_options": {"http_chunk_size": 5242880}, "ext": "m4a", "format": "http - unknown", "protocol": "https", "http_headers": {"User-Agent": "Mozilla/5.0 (Windows NT 10.0; Win64; x64) AppleWebKit/537.36 (KHTML, like Gecko) Chrome/69.0.3497.35 Safari/537.36", "Accept-Charset": "ISO-8859-1,utf-8;q=0.7,*;q=0.7", "Accept": "text/html,application/xhtml+xml,application/xml;q=0.9,*/*;q=0.8", "Accept-Encoding": "gzip, deflate", "Accept-Language": "en-us,en;q=0.5", "Cookie": "__cfduid=d3a24a9e5581632c46883b15b9dc2698e1619312504; csrftoken=rVGgZOT0MzK5Mvce7Zie36A4VwmhOgYjrWNdBUBqyX3Xx6tz1x4ECotkqWwkJU9Z; c=ggqb986bjc7mdsng2lbrl0tmfhc80442; mx_t=e382b69f-e928-460c-a654-ce56933d9822"}, "fulltitle": "Just A Blip 056 - DDR - 28th September 2019", "_filename": "./archive/DublinDigitalRadio_just-a-blip-056-ddr-19_0928.m4a"}